-- phpMyAdmin SQL Dump
-- version 3.5.2.2
-- http://www.phpmyadmin.net
--
-- Host: 127.0.0.1
-- Generation Time: Mar 02, 2014 at 04:59 PM
-- Server version: 5.5.27
-- PHP Version: 5.4.7

SET SQL_MODE="NO_AUTO_VALUE_ON_ZERO";
SET time_zone = "+00:00";


/*!40101 SET @OLD_CHARACTER_SET_CLIENT=@@CHARACTER_SET_CLIENT */;
/*!40101 SET @OLD_CHARACTER_SET_RESULTS=@@CHARACTER_SET_RESULTS */;
/*!40101 SET @OLD_COLLATION_CONNECTION=@@COLLATION_CONNECTION */;
/*!40101 SET NAMES utf8 */;

--
-- Database: `admintest`
--

-- --------------------------------------------------------

--
-- Table structure for table `accident_type`
--

CREATE TABLE IF NOT EXISTS `accident_type` (
  `typeID` int(2) NOT NULL AUTO_INCREMENT,
  `classification` varchar(45) NOT NULL,
  PRIMARY KEY (`typeID`)
) ENGINE=InnoDB  DEFAULT CHARSET=latin1 AUTO_INCREMENT=9 ;

--
-- Dumping data for table `accident_type`
--

INSERT INTO `accident_type` (`typeID`, `classification`) VALUES
(1, 'Earthquake'),
(2, 'Landslide'),
(3, 'Fire'),
(4, 'Insurgence'),
(5, 'Vehicular Accident'),
(6, 'Rock Fall'),
(7, 'Drowning  Accident'),
(8, 'Road Block');

-- --------------------------------------------------------

--
-- Table structure for table `account`
--

CREATE TABLE IF NOT EXISTS `account` (
  `accID` int(11) NOT NULL AUTO_INCREMENT,
  `firstName` varchar(40) NOT NULL,
  `middleName` varchar(20) NOT NULL,
  `lastName` varchar(20) NOT NULL,
  `emailAdd` varchar(45) NOT NULL,
  `username` varchar(18) NOT NULL,
  `password` varchar(32) NOT NULL,
  `accType` enum('admin','superAdmin') NOT NULL,
  PRIMARY KEY (`accID`)
) ENGINE=InnoDB  DEFAULT CHARSET=latin1 AUTO_INCREMENT=6 ;

--
-- Dumping data for table `account`
--

INSERT INTO `account` (`accID`, `firstName`, `middleName`, `lastName`, `emailAdd`, `username`, `password`, `accType`) VALUES
(1, 'Jose', 'P', 'Rizal', 'boogeeyaa@gmail.com', 'admin', '21232f297a57a5a743894a0e4a801fc3', 'superAdmin'),
(2, 'nonadmin', 'n', 'nonadmin', 'boogeeyaa@gmail.com', 'noadmin', '9fb59fb7712cca0b3d8caf46fdf20ac8', 'admin'),
(3, 'Gail', 'P', 'Manio', 'gailmanio@rocketmail.com', 'gail', '01ccdc4a3186509040722844f04c0b64', 'admin'),
(4, 'Lance', 'S', 'TUngcul', 'lancetungcul', 'lance', 'df6b869c97e3314650096f0626542aad', 'admin'),
(5, 'Lance', 'S', 'TUng', 'lancetungcul@gmail.com', 'lancer', '1af43faed0331fa95ec12c93e0fbb9f7', 'admin');

-- --------------------------------------------------------

--
-- Table structure for table `agency`
--

CREATE TABLE IF NOT EXISTS `agency` (
  `agencyID` int(11) NOT NULL AUTO_INCREMENT,
  `agencyName` varchar(100) NOT NULL,
  `emailAdd` varchar(45) NOT NULL,
  `address` varchar(80) NOT NULL,
  `municipality` varchar(30) NOT NULL,
  `province` varchar(20) NOT NULL,
  `council_member` enum('1','0') NOT NULL,
  `categoryID` int(11) NOT NULL,
  `barangay` varchar(20) DEFAULT NULL,
  PRIMARY KEY (`agencyID`),
  KEY `agency_cat` (`categoryID`)
) ENGINE=InnoDB  DEFAULT CHARSET=latin1 AUTO_INCREMENT=7 ;

--
-- Dumping data for table `agency`
--

INSERT INTO `agency` (`agencyID`, `agencyName`, `emailAdd`, `address`, `municipality`, `province`, `council_member`, `categoryID`, `barangay`) VALUES
(4, 'AFP Calanasan', 'AFPClnasan@gmail.com', 'Calanasan Apayao', '28', '2', '1', 10, '724'),
(5, 'BFP Bucloc', 'BFPBcloc@gmail.com', 'Bucloc Abra', '4', '1', '1', 2, '63');

-- --------------------------------------------------------

--
-- Table structure for table `authentication_code`
--

CREATE TABLE IF NOT EXISTS `authentication_code` (
  `authenticationID` int(11) NOT NULL AUTO_INCREMENT,
  `authenticationCode` varchar(8) NOT NULL,
  `agencyID` int(11) NOT NULL,
  PRIMARY KEY (`authenticationID`),
  KEY `code_council` (`agencyID`),
  KEY `aut_agency` (`agencyID`)
) ENGINE=InnoDB  DEFAULT CHARSET=latin1 AUTO_INCREMENT=2 ;

--
-- Dumping data for table `authentication_code`
--

INSERT INTO `authentication_code` (`authenticationID`, `authenticationCode`, `agencyID`) VALUES
(1, 'bFGgPjmr', 7);

-- --------------------------------------------------------

--
-- Table structure for table `barangay`
--

CREATE TABLE IF NOT EXISTS `barangay` (
  `idbarangay` int(11) NOT NULL AUTO_INCREMENT,
  `name` varchar(45) NOT NULL,
  `munCityID` int(11) NOT NULL,
  `x` double NOT NULL,
  `y` double NOT NULL,
  PRIMARY KEY (`idbarangay`,`munCityID`),
  KEY `fk_barangays_1_idx` (`munCityID`)
) ENGINE=InnoDB  DEFAULT CHARSET=latin1 AUTO_INCREMENT=1183 ;

--
-- Dumping data for table `barangay`
--

INSERT INTO `barangay` (`idbarangay`, `name`, `munCityID`, `x`, `y`) VALUES
(2, 'Dangdangla', 1, 120.629456625, 17.5993930044),
(3, 'Cabuloan', 1, 120.597027887, 17.5981723599),
(4, 'Zone 2 Pob. (Consiliman)', 1, 120.61716267, 17.6021966316),
(5, 'Macarcarmay', 1, 120.677036601, 17.5720891837),
(6, 'Sagap', 1, 120.569359729, 17.6763273252),
(7, 'San Antonio', 1, 120.590334342, 17.627012356),
(8, 'Lingtan', 1, 120.620236917, 17.6156188941),
(9, 'Calaba', 1, 120.610878697, 17.6135734538),
(10, 'Banacao', 1, 120.587519286, 17.6100600088),
(11, 'Bangbangar', 1, 120.602185435, 17.6083881463),
(12, 'Patucannay', 1, 120.632389169, 17.6062115862),
(13, 'Zone 3 Pob. (Lalaud)', 1, 120.611334722, 17.6043057651),
(14, 'Zone 1 Pob. (Nalasin)', 1, 120.620691773, 17.6044241198),
(15, 'Zone 4 Pob. (Town Proper)', 1, 120.613989221, 17.6011286151),
(16, 'Zone 7 Pob. (Baliling)', 1, 120.621493357, 17.5987169419),
(17, 'Zone 6 Pob. (Sinapangan)', 1, 120.611787762, 17.5992642492),
(18, 'Cosili West (Buaya)', 1, 120.639228541, 17.594218082),
(19, 'Zone 5 Pob. (Bo. Barikir)', 1, 120.616344188, 17.5970394009),
(20, 'Cosili East (Proper)', 1, 120.654959932, 17.5851718567),
(21, 'Lipcan', 1, 120.618468032, 17.58671527),
(22, 'Angad', 1, 120.627417824, 17.584387315),
(23, 'Santa Rosa', 1, 120.605771614, 17.5831453016),
(24, 'Macray', 1, 120.641131423, 17.5852710506),
(25, 'Lubong', 1, 120.642938749, 17.5779590052),
(26, 'Agtangao', 1, 120.632571176, 17.5689632662),
(27, 'Palao', 1, 120.610849756, 17.5665592643),
(28, 'Sao-atan', 1, 120.618383108, 17.5650447832),
(29, 'Malita', 1, 120.620790863, 17.5480012867),
(30, 'Tablac (Calot)', 1, 120.62179128, 17.5282907511),
(31, 'Sappaac', 1, 120.648082225, 17.5113048173),
(32, 'Maoay', 1, 120.627734667, 17.5040639361),
(33, 'Bao-yan', 2, 120.785964439, 17.3615835783),
(34, 'Poblacion (Boliney)', 2, 120.82061579, 17.3653273192),
(35, 'Amti', 2, 120.903695288, 17.3764919467),
(36, 'Danac West', 2, 120.936193053, 17.3787014284),
(37, 'Kilong-Olao', 2, 120.859927653, 17.3798786006),
(38, 'Dao-angan', 2, 120.813072533, 17.4008149478),
(39, 'Dumagas', 2, 120.772728353, 17.400076301),
(40, 'Danac East', 2, 120.961789796, 17.38533524),
(41, 'Pagala', 3, 120.72021065, 17.5753944888),
(42, 'Bugbog', 3, 120.697137384, 17.5619701265),
(43, 'Calao', 3, 120.769159611, 17.5708252829),
(44, 'Bangbangcag', 3, 120.742635788, 17.5727010805),
(45, 'Bangcagan', 3, 120.723363665, 17.5643153719),
(46, 'South Poblacion', 3, 120.727211723, 17.5388987597),
(47, 'Palaquio', 3, 120.759819264, 17.5634769513),
(48, 'San Miguel', 3, 120.72046837, 17.5545805832),
(49, 'Tabiog', 3, 120.757907773, 17.5469244006),
(50, 'Siblong', 3, 120.700228553, 17.5456699382),
(51, 'Labon', 3, 120.724687185, 17.5449513613),
(52, 'North Poblacion', 3, 120.718562125, 17.5410947782),
(53, 'Banglolao', 3, 120.706842997, 17.5298706613),
(54, 'Abang', 3, 120.732910983, 17.5139739307),
(55, 'Pakiling', 3, 120.708622603, 17.5132055786),
(56, 'Salnec', 3, 120.683609023, 17.4905493517),
(57, 'Layugan', 3, 120.701746015, 17.498653388),
(58, 'Quimloong', 3, 120.725662295, 17.486754396),
(59, 'Dugong', 3, 120.717370869, 17.4755119499),
(60, 'Madalipay', 3, 120.688824462, 17.4672034308),
(61, 'Patoc', 3, 120.715248034, 17.4608260627),
(62, 'Lingay', 4, 120.884590366, 17.441219443),
(63, 'Lamao (Pob.)', 4, 120.861162058, 17.4393785595),
(64, 'Labaan', 4, 120.835513258, 17.4369320867),
(65, 'Ducligan', 4, 120.806164267, 17.4328659305),
(66, 'Ableg', 5, 120.968981272, 17.4564901882),
(67, 'Tui (Pob.)', 5, 120.934396216, 17.43970635),
(68, 'Cabaruyan', 5, 120.899650976, 17.4613528113),
(69, 'Pikek', 5, 120.913755021, 17.4330623091),
(70, 'Nagaparan', 6, 120.632176086, 17.7729468465),
(71, 'Padangitan', 6, 120.656311212, 17.6759734295),
(72, 'Danglas', 6, 120.599726322, 17.7174167002),
(73, 'Cabaruan', 6, 120.673709599, 17.7029025021),
(74, 'Abaquid', 6, 120.659073632, 17.7018952593),
(75, 'Caupasan (Pob.)', 6, 120.646614632, 17.6812045361),
(76, 'Pangal', 6, 120.668590065, 17.6895174444),
(77, 'Poblacion', 7, 120.710360383, 17.6484972151),
(78, 'Lub-lubba', 7, 120.728086443, 17.6465272332),
(79, 'Libtec', 7, 120.758560472, 17.6420366664),
(80, 'Salucag', 7, 120.704485792, 17.6396486192),
(81, 'Cardona', 7, 120.707275941, 17.6684793431),
(82, 'Pacac', 7, 120.722952364, 17.6618865958),
(83, 'Namit-ingan', 7, 120.760611446, 17.6567597887),
(84, 'Taping', 7, 120.738819647, 17.6526612205),
(85, 'Bayaan', 7, 120.716742224, 17.6548411089),
(86, 'Isit', 7, 120.688302595, 17.645108471),
(87, 'Calumbaya', 7, 120.721233654, 17.6403064418),
(88, 'Kimmalaba', 7, 120.741745507, 17.6406946852),
(89, 'Cabaroan', 7, 120.7544873, 17.6352236002),
(90, 'Talogtog', 7, 120.741122533, 17.6308062826),
(91, 'Mudiit', 7, 120.716312101, 17.630587168),
(92, 'Udangan', 8, 120.613186705, 17.6547967034),
(93, 'Malabbaga', 8, 120.698714211, 17.7016940572),
(94, 'Buli', 8, 120.692180228, 17.6864798588),
(95, 'Poblacion', 8, 120.684082641, 17.6740146648),
(96, 'Pidipid', 8, 120.664838168, 17.6710017356),
(97, 'Liguis', 8, 120.629284152, 17.6609351206),
(98, 'Benben (Bonbon)', 8, 120.649105151, 17.6617059959),
(99, 'Canan (Gapan)', 8, 120.668598312, 17.6603870958),
(100, 'Bulbulala', 8, 120.676266771, 17.6531871733),
(101, 'Toon', 8, 120.659261144, 17.6441554525),
(102, 'San Gregorio', 8, 120.645436867, 17.6380976474),
(103, 'Mudeng', 8, 120.622957281, 17.6329428433),
(104, 'Lan-ag', 9, 120.876345811, 17.7118388124),
(105, 'Bacag', 9, 120.900030156, 17.7005678239),
(106, 'Buneg', 9, 121.056692923, 17.7025398061),
(107, 'Pacoc', 9, 120.967237691, 17.6987149929),
(108, 'Guinguinabang', 9, 120.922222327, 17.6872751833),
(109, 'Poblacion (Talampac)', 9, 120.96649936, 17.6630423443),
(110, 'Aguet', 10, 120.727586262, 17.6141241178),
(111, 'Paganao', 10, 120.805623028, 17.6834374162),
(112, 'Bacooc', 10, 120.805064395, 17.6596358653),
(113, 'Cayapa', 10, 120.797134401, 17.6407779972),
(114, 'Nagtipulan', 10, 120.785553309, 17.6158515291),
(115, 'Laguiben', 10, 120.754254338, 17.6186820239),
(116, 'Lagben', 10, 120.726988312, 17.6238559001),
(117, 'Balais', 10, 120.737512669, 17.6217670667),
(118, 'Poblacion', 10, 120.736800497, 17.6153272093),
(119, 'Tagodtod', 10, 120.760990039, 17.6019850597),
(120, 'Laang', 10, 120.733230032, 17.6081119549),
(121, 'Presentar', 10, 120.728443122, 17.6005726389),
(122, 'Pawa', 10, 120.731426498, 17.5937591763),
(123, 'San Isidro', 10, 120.776261894, 17.5862149165),
(124, 'Nagtupacan', 10, 120.736210262, 17.5874738631),
(125, 'Dalaguisen', 10, 120.743823237, 17.5815084797),
(126, 'Taping', 10, 120.757189325, 17.5813765925),
(127, 'Poblacion', 11, 120.690286723, 17.7197237287),
(128, 'Collago', 11, 120.715197714, 17.7983371532),
(129, 'Pang-ot', 11, 120.768963545, 17.7714793122),
(130, 'Pulot', 11, 120.697423761, 17.7404304644),
(131, 'Ba-i', 11, 120.74186123, 17.7364892313),
(132, 'Malapaao', 12, 120.538720492, 17.6356947956),
(133, 'Mabungtot', 12, 120.514405933, 17.5862907287),
(134, 'Baac', 12, 120.574221507, 17.6050669839),
(135, 'Quillat', 12, 120.587391473, 17.5840027803),
(136, 'Poblacion', 12, 120.569443083, 17.5830964691),
(137, 'Dalayap (Nalaas)', 12, 120.562027248, 17.5760421405),
(138, 'Lenneng', 13, 120.856124615, 17.63709788),
(139, 'Domenglay', 13, 120.945501508, 17.6287880669),
(140, 'Mogao', 13, 120.920696024, 17.6121139301),
(141, 'Bonglo (Patagui)', 13, 120.851066205, 17.5969945919),
(142, 'Poblacion', 13, 120.895325027, 17.6078657776),
(143, 'Cawayan', 13, 120.912521165, 17.5839974278),
(144, 'Bulbulala', 13, 120.814594659, 17.5551963032),
(145, 'Nalbuan', 13, 120.903826081, 17.5609943454),
(146, 'Tumalip', 13, 120.859045967, 17.5578165906),
(147, 'Subagan', 13, 120.94058611, 17.5252627777),
(148, 'Mapisla', 13, 120.879007348, 17.5103403188),
(149, 'Barit', 14, 120.672527615, 17.3732059332),
(150, 'Luzong', 14, 120.693695291, 17.3634691726),
(151, 'Ampalioc', 14, 120.735772197, 17.3448388628),
(152, 'Nagbukel-Tuquipa', 14, 120.656141585, 17.3373051538),
(153, 'Poblacion', 14, 120.690571756, 17.3212966981),
(154, 'Sabnangan', 14, 120.721035896, 17.3160290336),
(155, 'Lul-luno', 14, 120.641096779, 17.3077626887),
(156, 'Gayaman', 14, 120.671576431, 17.284027672),
(157, 'Pacgued', 15, 121.058863365, 17.6475789613),
(158, 'Mataragan', 15, 121.058774432, 17.6305559678),
(159, 'Dulao', 15, 121.010273406, 17.623316685),
(160, 'Bayabas', 15, 120.981818005, 17.6359889345),
(161, 'Lat-ey', 15, 121.082959615, 17.5793739664),
(162, 'Binasaran', 15, 120.968426055, 17.5906230969),
(163, 'Umnap', 15, 121.038916554, 17.5841800071),
(164, 'Buanao', 15, 121.05424288, 17.5951992976),
(165, 'Taripan', 15, 121.012191023, 17.581447524),
(166, 'Malibcong (Pob.)', 15, 120.975564317, 17.5586212277),
(167, 'Duldulao', 15, 121.024744674, 17.5553661789),
(168, 'Gacab', 15, 121.009137975, 17.5248080036),
(169, 'San Ramon East', 16, 120.733558459, 17.3877154298),
(170, 'San Jose Norte', 16, 120.699545089, 17.4491537094),
(171, 'Catacdegan Nuevo', 16, 120.725372011, 17.4535520308),
(172, 'Catacdegan Viejo', 16, 120.724150234, 17.45027342),
(173, 'San Jose Sur', 16, 120.7264907, 17.4431681402),
(174, 'Santo Tomas', 16, 120.683755291, 17.4390866364),
(175, 'Luzong', 16, 120.702784432, 17.438530629),
(176, 'Ayyeng (Pob.)', 16, 120.734739526, 17.4233758099),
(177, 'San Juan Norte', 16, 120.686090398, 17.4317007922),
(178, 'San Juan Sur', 16, 120.685681711, 17.4245004544),
(179, 'San Ramon West', 16, 120.69381787, 17.4004131218),
(180, 'Poblacion', 17, 120.652458911, 17.5673493098),
(181, 'Dumayco', 17, 120.66183013, 17.5631674821),
(182, 'Riang (Tiang)', 17, 120.643515247, 17.5665515922),
(183, 'Santa Rosa', 17, 120.682037271, 17.5230424124),
(184, 'Lusuac', 17, 120.675561468, 17.5515683419),
(185, 'Patiao', 17, 120.653353015, 17.5522517099),
(186, 'Namarabar', 17, 120.643746522, 17.5500073719),
(187, 'Tattawa', 17, 120.64233607, 17.5396115956),
(188, 'Malamsit (Pau-Malamsit)', 17, 120.655569565, 17.5273944733),
(189, 'San Diego', 18, 120.546453092, 17.574029269),
(190, 'Poblacion West', 18, 120.586081053, 17.5705657211),
(191, 'Poblacion East', 18, 120.573139433, 17.5702931113),
(192, 'Pamutic', 18, 120.558405841, 17.5652258193),
(193, 'Laskig', 18, 120.544758341, 17.5641778547),
(194, 'Pangtud', 18, 120.587189331, 17.5486619929),
(195, 'Monggoc', 18, 120.597286269, 17.5456830149),
(196, 'Naguirayan', 18, 120.57538434, 17.5590846194),
(197, 'Suyo (Malidong)', 18, 120.560591114, 17.5550867274),
(198, 'Sulbec', 18, 120.545489373, 17.5414393134),
(199, 'Alinaya', 18, 120.562121022, 17.5300804688),
(200, 'Yuyeng', 18, 120.574224268, 17.5252116562),
(201, 'Garreta', 18, 120.553587212, 17.5402115989),
(202, 'Immuli', 18, 120.595802647, 17.5252556409),
(203, 'Arab', 18, 120.59220405, 17.5059521152),
(204, 'Gapang', 19, 120.568876904, 17.3890553965),
(205, 'San Juan East', 19, 120.616194083, 17.3890980731),
(206, 'San Juan West', 19, 120.599479083, 17.3957115613),
(207, 'Kinabiti', 19, 120.592387238, 17.3825399523),
(208, 'Maliplipit', 19, 120.582794844, 17.4158871307),
(209, 'Dintan', 19, 120.596034639, 17.3623294092),
(210, 'Patad', 19, 120.586955837, 17.431669379),
(211, 'Poblacion', 19, 120.613339389, 17.4233266743),
(212, 'South Balioag', 19, 120.596576896, 17.4066128801),
(213, 'Narnara', 19, 120.615129109, 17.4058052897),
(214, 'Tikitik', 19, 120.578536818, 17.4022558486),
(215, 'Nagcanasan', 19, 120.563652984, 17.3698663198),
(216, 'Bolbolo', 19, 120.608466341, 17.3700481507),
(217, 'Brookside', 19, 120.552558008, 17.3525144106),
(218, 'Ocup', 19, 120.579670907, 17.3536316205),
(219, 'Dalit', 19, 120.56957972, 17.351787411),
(220, 'Villavieja', 19, 120.586441873, 17.3393043375),
(221, 'Pang-ot', 19, 120.556496011, 17.3316776129),
(222, 'Nanangduan', 19, 120.577517164, 17.3185558453),
(223, 'Ud-udiao', 20, 120.838974021, 17.4753335486),
(224, 'Bilabila', 20, 120.776880014, 17.5370560308),
(225, 'Saccaang', 20, 120.792721449, 17.5127639),
(226, 'Naguilian', 20, 120.770008915, 17.4932983498),
(227, 'Bazar', 20, 120.78935145, 17.4659987505),
(228, 'Subusob', 20, 120.74652957, 17.4650878559),
(229, 'Gangal (Pob.)', 20, 120.765160179, 17.4629026457),
(230, 'Sallapadan', 20, 120.811548727, 17.45989658),
(231, 'Maguyepyep', 20, 120.769595289, 17.4334078596),
(232, 'Dalimag', 21, 120.606418456, 17.4863309598),
(233, 'Pantoc', 21, 120.589582401, 17.4651248743),
(234, 'Cabayogan', 21, 120.593270759, 17.4853070881),
(235, 'Manayday', 21, 120.621943173, 17.4783027281),
(236, 'San Marcial', 21, 120.652329179, 17.4810047082),
(237, 'Sabtan-olo', 21, 120.59081425, 17.4745169797),
(238, 'Poblacion', 21, 120.610623145, 17.4656405462),
(239, 'Langbaban', 21, 120.607592928, 17.4594437545),
(240, 'Tangbao', 21, 120.602567762, 17.4468752394),
(241, 'Quidaoen', 22, 120.724602811, 17.7258175389),
(242, 'Sabangan', 22, 120.724214139, 17.682630828),
(243, 'Abualan', 22, 120.775636037, 17.7254203197),
(244, 'Silet', 22, 120.741889301, 17.7196033054),
(245, 'Cabcaborao', 22, 120.723296331, 17.7096835742),
(246, 'Nangobongan', 22, 120.736645569, 17.701092986),
(247, 'Culiong', 22, 120.744503393, 17.69651066),
(248, 'Tagaytay', 22, 120.716008997, 17.6911824743),
(249, 'Ba-ug', 22, 120.749112053, 17.6831655051),
(250, 'Poblacion North', 22, 120.729491472, 17.6890171099),
(251, 'Supi-il', 22, 120.766353783, 17.6765927318),
(252, 'Poblacion South', 22, 120.734312065, 17.6859030954),
(253, 'Guimba', 22, 120.729618039, 17.6803673774),
(254, 'Daoidao', 22, 120.723386004, 17.6773264149),
(255, 'Badas', 22, 120.734150173, 17.6779185859),
(256, 'Lam-ag', 22, 120.733096988, 17.6733586198),
(257, 'Colabaoan', 22, 120.726169864, 17.6697582594),
(258, 'Pattaoig', 22, 120.721991251, 17.6694897184),
(259, 'Lumobang', 22, 120.736184742, 17.6680947009),
(260, 'Palang', 23, 120.514478695, 17.5512012778),
(261, 'Labaan', 23, 120.498322712, 17.5295371847),
(262, 'Poblacion', 23, 120.51871826, 17.5397170459),
(263, 'Villa Mercedes', 23, 120.531947877, 17.5243950994),
(264, 'Pantoc', 23, 120.551678098, 17.501216819),
(265, 'Tangadan', 23, 120.493840396, 17.5027325987),
(266, 'Gaddani', 24, 120.678976704, 17.6233234399),
(267, 'Deet', 24, 120.663944559, 17.6225125143),
(268, 'Bagalay', 24, 120.694401596, 17.619540184),
(269, 'Cabaroan', 24, 120.637342816, 17.6179370838),
(270, 'Poblacion', 24, 120.654023001, 17.6184363308),
(271, 'Bumagcat', 24, 120.712632426, 17.6138074375),
(272, 'Budac', 24, 120.679672055, 17.6048801427),
(273, 'Pias', 24, 120.664233093, 17.5985802118),
(274, 'Patucannay', 24, 120.650189554, 17.6038664367),
(275, 'Basbasa', 24, 120.704085445, 17.5924782798),
(276, 'Velasco', 24, 120.68554083, 17.5836134624),
(277, 'Lanec', 25, 120.893985259, 17.79302689),
(278, 'Anayan', 25, 120.918876565, 17.9169493178),
(279, 'Caganayan', 25, 120.809118323, 17.8606853909),
(280, 'Naglibacan', 25, 120.948703442, 17.8572528154),
(281, 'Cogon', 25, 121.032905522, 17.7912811209),
(282, 'Belaat', 25, 120.933521682, 17.8240589203),
(283, 'Poblacion (Agsimao)', 25, 120.939905229, 17.7923088905),
(284, 'Alaoa', 25, 120.840384857, 17.7670344559),
(285, 'Lapat-Balantay', 25, 120.935655043, 17.7574251504),
(286, 'Apao', 25, 120.830340151, 17.715259348),
(287, 'Alangtin', 26, 120.770967152, 17.2178733451),
(288, 'Kili', 26, 120.862562132, 17.2729640161),
(289, 'Amtuagan', 26, 120.774354154, 17.3188157246),
(290, 'Tiempo', 26, 120.763354178, 17.2704397416),
(291, 'Poblacion (Mayabo)', 26, 120.739840091, 17.2606653468),
(292, 'Wayangan', 26, 120.719410085, 17.2511746598),
(293, 'Supo', 26, 120.701870173, 17.2266562642),
(294, 'Tabacda', 26, 120.800520875, 17.1921440603),
(295, 'Dilong', 26, 120.7094117, 17.1817530054),
(296, 'Tubtuba', 26, 120.759633906, 17.1783178601),
(297, 'Tuquib', 27, 120.639212315, 17.3761650427),
(298, 'Lumaba', 27, 120.647250498, 17.4624523177),
(299, 'Ap-apaya', 27, 120.648724891, 17.4526084597),
(300, 'Lap-lapog', 27, 120.648893779, 17.4459797315),
(301, 'Poblacion', 27, 120.649735142, 17.4357931865),
(302, 'Cal-lao', 27, 120.659165828, 17.4112849248),
(303, 'Bol-lilising', 27, 120.621855238, 17.3410334528),
(304, 'Tamac', 27, 120.614167306, 17.3246465023),
(305, 'Santa Filomena', 28, 121.05490312, 18.4902368839),
(306, 'Eva Puzon', 28, 121.062221958, 18.3978435139),
(307, 'Tanglagan', 28, 120.985517744, 18.3976914557),
(308, 'Cadaclan', 28, 121.112434272, 18.3302139555),
(309, 'Naguilian', 28, 121.016569447, 18.3041788638),
(310, 'Eleazar', 28, 121.082493975, 18.279950508),
(311, 'Don Roque Ablan Sr.', 28, 120.974440211, 18.2875224973),
(312, 'Sabangan', 28, 121.008091834, 18.2469483802),
(313, 'Poblacion', 28, 121.020437069, 18.2368583252),
(314, 'Lubong', 28, 121.004383387, 18.2239816627),
(315, 'Langnao', 28, 121.10823962, 18.2054318846),
(316, 'Tubang', 28, 121.018534672, 18.1958556192),
(317, 'Kabugawan', 28, 121.044152582, 18.1615781689),
(318, 'Namaltugan', 28, 121.014082838, 18.1332701521),
(319, 'Tubongan', 28, 121.05644888, 18.0972447861),
(320, 'Butao', 28, 120.985610832, 18.0448939624),
(321, 'Daga', 29, 121.365800389, 17.6653634724),
(322, 'Guinamgaman', 29, 121.274560447, 17.8898603027),
(323, 'Guinaang', 29, 121.180306648, 17.876345653),
(324, 'Malama', 29, 121.296938986, 17.8387620667),
(325, 'Ili', 29, 121.247098885, 17.83606977),
(326, 'Manag', 29, 121.162280845, 17.8296393332),
(327, 'Caglayan (New Pob.)', 29, 121.334009795, 17.7929077105),
(328, 'Ripang (Old Pob.)', 29, 121.275278301, 17.7687307099),
(329, 'Paddaoan', 29, 121.223661526, 17.7908333317),
(330, 'Talifugo', 29, 121.155428621, 17.7672430216),
(331, 'Allangigan', 29, 121.385607625, 17.7691088868),
(332, 'Calafug', 29, 121.335349854, 17.7647644585),
(333, 'Nabuangan', 29, 121.223895298, 17.7515303902),
(334, 'Mawegui', 29, 121.398770564, 17.7397741144),
(335, 'Karikitan', 29, 121.33832513, 17.7343736878),
(336, 'Buluan', 29, 121.407274259, 17.7035290097),
(337, 'Puguin', 29, 121.311297331, 17.7020253937),
(338, 'Cupis', 29, 121.235470904, 17.7033245292),
(339, 'Katablangan', 29, 121.163688908, 17.6967181298),
(340, 'Banban', 29, 121.374239511, 17.6985644512),
(341, 'Sacpil', 29, 121.248826467, 17.6619704397),
(342, 'Balluyan', 30, 121.423518033, 18.0528473689),
(343, 'Mallig', 30, 121.358942577, 18.0388985216),
(344, 'Bagutong', 30, 121.449923716, 18.248251318),
(345, 'Poblacion East', 30, 121.440067465, 18.2326431937),
(346, 'Poblacion West', 30, 121.416563412, 18.2316505454),
(347, 'Tamalunog', 30, 121.45182909, 18.2141683898),
(348, 'Atok', 30, 121.408902063, 18.2110089873),
(349, 'Malubibit Norte', 30, 121.46173039, 18.1668733703),
(350, 'Upper Atok (Coliman)', 30, 121.368706037, 18.1466405374),
(351, 'Balasi', 30, 121.397545345, 18.1585089612),
(352, 'Malubibit Sur', 30, 121.427317252, 18.1545466281),
(353, 'Allig', 30, 121.449031931, 18.0885803486),
(354, 'Anninipan', 30, 121.416277019, 18.0944312755),
(355, 'San Jose', 30, 121.387311145, 18.097904741),
(356, 'Santa Maria', 30, 121.376894151, 18.069724297),
(357, 'Malayugan', 30, 121.385302106, 18.0118539689),
(358, 'Dibagat', 31, 121.114223539, 18.0662850156),
(359, 'Bulu', 31, 121.227963909, 18.0484158929),
(360, 'Musimut', 31, 121.021984374, 17.9748926174),
(361, 'Baliwanan', 31, 121.178368218, 18.1607873189),
(362, 'Kumao', 31, 121.19792671, 18.1255836389),
(363, 'Tuyangan', 31, 121.131498397, 18.1354957128),
(364, 'Laco', 31, 121.199387837, 18.0723393662),
(365, 'Madatag', 31, 121.093354485, 18.0354336867),
(366, 'Magabta', 31, 121.204869957, 18.0315816976),
(367, 'Luttuacan', 31, 121.230106726, 18.0187745446),
(368, 'Poblacion', 31, 121.177350139, 18.0263531961),
(369, 'Nagbabalayan', 31, 121.14737727, 18.0075202874),
(370, 'Cabetayan', 31, 121.183756, 17.9954616597),
(371, 'Badduat', 31, 121.218270734, 17.9756850476),
(372, 'Lenneng (Liyyeng)', 31, 121.294504165, 17.9471616479),
(373, 'Lucab', 31, 121.06049847, 17.9570476073),
(374, 'Madduang', 31, 121.126514532, 17.9773164174),
(375, 'Dagara', 31, 121.113299021, 17.9382324223),
(376, 'Karagawan', 31, 121.143965917, 17.90425666),
(377, 'Maragat', 31, 121.046484248, 17.8860117098),
(378, 'Waga', 31, 121.308759266, 18.0154113049),
(379, 'Shalom', 32, 121.304032421, 18.2765392711),
(380, 'San Sebastian', 32, 121.398649341, 18.2670280723),
(381, 'Dagupan', 32, 121.36816975, 18.2666245331),
(382, 'Calabigan', 32, 121.179857221, 18.4159474143),
(383, 'Luyon', 32, 121.323328448, 18.3639604961),
(384, 'Cagandungan', 32, 121.202795266, 18.3599842305),
(385, 'Capagaypayan', 32, 121.371696876, 18.3443492401),
(386, 'San Isidro Norte', 32, 121.384205664, 18.3473526906),
(387, 'Zumigui', 32, 121.328091119, 18.3460968045),
(388, 'Lappa', 32, 121.29935835, 18.3327025899),
(389, 'Quirino', 32, 121.399306388, 18.3381677329),
(390, 'Marag', 32, 121.193190795, 18.2859663099),
(391, 'San Isidro Sur', 32, 121.385702564, 18.3317947947),
(392, 'Poblacion', 32, 121.36407521, 18.3288337718),
(393, 'Tumog', 32, 121.386886886, 18.3209383058),
(394, 'Santa Lina', 32, 121.39650754, 18.3125793925),
(395, 'Turod', 32, 121.29659304, 18.3063360565),
(396, 'San Gregorio', 32, 121.355991752, 18.3111049357),
(397, 'San Francisco', 32, 121.380140429, 18.2922656315),
(398, 'Bacsay', 32, 121.354322468, 18.2960795036),
(399, 'Cangisitan', 32, 121.395799901, 18.2831023349),
(400, 'Salvacion', 32, 121.285049681, 18.2453557992),
(401, 'Cabatacan', 33, 121.349281262, 18.2480654548),
(402, 'Alem', 33, 121.388210825, 18.2502699116),
(403, 'Imelda', 33, 121.388888696, 18.2372151913),
(404, 'Amado', 33, 121.344327572, 18.2352614897),
(405, 'San Mariano', 33, 121.312335131, 18.2173331894),
(406, 'San Antonio (Pugo)', 33, 121.394958036, 18.2206824586),
(407, 'Emilia', 33, 121.368727928, 18.2168429139),
(408, 'San Luis', 33, 121.343199204, 18.2217017473),
(409, 'San Jose', 33, 121.258298236, 18.2133803277),
(410, 'Poblacion', 33, 121.340087964, 18.2097374254),
(411, 'Lydia', 33, 121.256693629, 18.1938132591),
(412, 'Capannikian', 33, 121.346573282, 18.1985482231),
(413, 'Dona Loreta', 33, 121.312302027, 18.1938914509),
(414, 'Upper Maton', 33, 121.274215128, 18.1517778757),
(415, 'Swan', 33, 121.34262573, 18.1856189536),
(416, 'Mataguisi', 33, 121.352805246, 18.147592501),
(417, 'Lower Maton', 33, 121.339862964, 18.1677908699),
(418, 'Aga', 33, 121.33522011, 18.1272559068),
(419, 'Lt. Bilag', 33, 121.2928781, 18.1047348954),
(420, 'Malibang', 33, 121.357421791, 18.1179107958),
(421, 'Cacalaggan', 33, 121.317119705, 18.089638933),
(422, 'Aurora', 33, 121.325639755, 18.0639315429),
(423, 'Nueva', 34, 121.454897076, 18.2843880198),
(424, 'Imelda (Sipa Annex)', 34, 121.426677506, 18.2784492122),
(425, 'Marcela (Pob.)', 34, 121.456095965, 18.2768562185),
(426, 'Malekkeg', 34, 121.451725305, 18.3109066027),
(427, 'San Carlos', 34, 121.427845883, 18.3141293704),
(428, 'Emiliana', 34, 121.420569708, 18.3248387461),
(429, 'Barocboc', 34, 121.41735783, 18.3055672934),
(430, 'Panay', 34, 121.450955364, 18.3010201533),
(431, 'San Mariano', 34, 121.418279485, 18.2908873145),
(432, 'San Antonio', 34, 121.452437085, 18.2922141547),
(433, 'Sipa Proper', 34, 121.426349427, 18.2690627583),
(434, 'San Juan', 34, 121.459895551, 18.2698711519),
(435, 'Consuelo', 34, 121.461432542, 18.2621096879),
(436, 'Cattubo', 36, 120.722847652, 16.6239695772),
(437, 'Pasdong', 36, 120.673006299, 16.604060071),
(438, 'Paoay', 36, 120.732218342, 16.5956292529),
(439, 'Naguey', 36, 120.660847958, 16.5871373939),
(440, 'Abiang', 36, 120.713206165, 16.5772434426),
(441, 'Topdac', 36, 120.704949443, 16.5595739225),
(442, 'Poblacion', 36, 120.661192434, 16.5568378867),
(443, 'Caliking', 36, 120.684481425, 16.5264699819),
(444, 'Padre Burgos', 37, 120.59397441, 16.4269988643),
(445, 'Mines View Park', 37, 120.629067543, 16.4265520623),
(446, 'Rock Quarry, Middle', 37, 120.588997197, 16.4114889388),
(447, 'Quirino-Magsaysay, Upper (Upper QM)', 37, 120.592322842, 16.4104485874),
(448, 'Military Cut-off', 37, 120.600632411, 16.4084616025),
(449, 'Bal-Marcoville (Marcoville)', 37, 120.60547802, 16.4093683941),
(450, 'Atok Trail', 37, 120.628105016, 16.3789905804),
(451, 'Bagong Lipunan (Market Area)', 37, 120.596823025, 16.421317908),
(452, 'Kayang-Hilltop', 37, 120.595676446, 16.4211683861),
(453, 'Victoria Village', 37, 120.578273244, 16.4202820107),
(454, 'General Luna, Lower', 37, 120.599413922, 16.4206386662),
(455, 'Manuel A. Roxas', 37, 120.606689165, 16.4191565635),
(456, 'Kayang Extension', 37, 120.591413467, 16.4191221383),
(457, 'Lualhati', 37, 120.620536735, 16.4178815804),
(458, 'South Drive', 37, 120.613785262, 16.4177778552),
(459, 'Kabayanihan', 37, 120.599221174, 16.4194769649),
(460, 'Rizal Monument Area', 37, 120.593589512, 16.4187750671),
(461, 'Abanao-Zandueta-Kayong-Chugum-Otek (AZKCO)', 37, 120.595141491, 16.4199780497),
(462, 'Camp 7', 37, 120.600511243, 16.3828764878),
(463, 'Santo Tomas Proper', 37, 120.585810598, 16.3855528545),
(464, 'Apugan-Loakan', 37, 120.62460183, 16.3860794862),
(465, 'Irisan', 37, 120.562222013, 16.4279532211),
(466, 'Pinsao Proper', 37, 120.574718843, 16.4360889278),
(467, 'Pinget', 37, 120.586909387, 16.4368898094),
(468, 'Quirino Hill, West', 37, 120.591134728, 16.4378497357),
(469, 'Quirino Hill, East', 37, 120.594523327, 16.4377716719),
(470, 'Happy Homes (Happy Homes-Lucban)', 37, 120.597474245, 16.4363580461),
(471, 'Sanitary Camp, North', 37, 120.601719537, 16.4367917892),
(472, 'Quirino Hill, Middle', 37, 120.592482906, 16.4365953805),
(473, 'Bayan Park West (Bayan Park)', 37, 120.605105769, 16.4366113138),
(474, 'Ambiong', 37, 120.610883103, 16.4353557929),
(475, 'Quirino Hill, Lower', 37, 120.590389872, 16.4353051709),
(476, 'Sanitary Camp, South', 37, 120.599503788, 16.434248679),
(477, 'Camdas Subdivision', 37, 120.594342898, 16.4341251542),
(478, 'San Antonio Village', 37, 120.604333646, 16.4342953395),
(479, 'Pacdal', 37, 120.618988093, 16.4294044859),
(480, 'Pinsao Pilot Project', 37, 120.586108456, 16.4333071718),
(481, 'Bayan Park Village', 37, 120.607242698, 16.4338067566),
(482, 'Dizon Subdivision', 37, 120.591787532, 16.4319769394),
(483, 'Bayan Park East', 37, 120.61092808, 16.4326192939),
(484, 'Gibraltar', 37, 120.625227915, 16.4276618179),
(485, 'Trancoville', 37, 120.601465185, 16.431157115),
(486, 'Lopez Jaena', 37, 120.604389633, 16.4324248718),
(487, 'Aurora Hill, North Central', 37, 120.60709244, 16.4314370841),
(488, 'Guisad Central', 37, 120.588656522, 16.4302752548),
(489, 'Alfonso Tabora', 37, 120.599286375, 16.4300649282),
(490, 'Brookspoint', 37, 120.610701536, 16.4303748765),
(491, 'New Lucban', 37, 120.598629966, 16.4283932899),
(492, 'Guisad Sorong', 37, 120.586132067, 16.427857269),
(493, 'Magsaysay, Lower', 37, 120.596099163, 16.4269852939),
(494, 'Aurora Hill Proper (Malvar-Sgt. Floresca)', 37, 120.604990748, 16.4303213371),
(495, 'Magsaysay Private Road', 37, 120.596384236, 16.4291367289),
(496, 'Aurora Hill, South Central', 37, 120.608912949, 16.4292067115),
(497, 'Modern Site, West', 37, 120.605665151, 16.4286214464),
(498, 'Cresencia Village', 37, 120.590825199, 16.4272758692),
(499, 'Saint Joseph Village', 37, 120.612043308, 16.4240211062),
(500, 'Brookside', 37, 120.603771598, 16.4268708207),
(501, 'Fairview Village', 37, 120.583004959, 16.4249144786),
(502, 'Modern Site, East', 37, 120.607899575, 16.4274335406),
(503, 'Quezon Hill, Upper', 37, 120.576997949, 16.4255063642),
(504, 'Slaughter House Area (Santo Nino Slaughter)', 37, 120.597234688, 16.4271043278),
(505, 'Honeymoon (Honeymoon-Holy Ghost)', 37, 120.601634072, 16.4250421013),
(506, 'Teodora Alonzo', 37, 120.598512947, 16.4246315062),
(507, 'Andres Bonifacio (Lower Bokawkan)', 37, 120.588549131, 16.4248168649),
(508, 'Padre Zamora', 37, 120.593824149, 16.4245030117),
(509, 'Imelda Village', 37, 120.607276427, 16.4237001035),
(510, 'Holy Ghost Extension', 37, 120.60409207, 16.4224568247),
(511, 'A. Bonifacio-Caguioa-Rimando (ABCR)', 37, 120.599844629, 16.4235229191),
(512, 'Pucsusan', 37, 120.62716965, 16.4212744186),
(513, 'Campo Filipino', 37, 120.588441954, 16.4217625855),
(514, 'Middle Quezon Hill Subdivision(Quezon Hill Mi', 37, 120.577366574, 16.4225690712),
(515, 'Camp Allen', 37, 120.593138101, 16.4223647154),
(516, 'Magsaysay, Upper', 37, 120.596901704, 16.4227040533),
(517, 'Market Subdivision, Upper', 37, 120.595841478, 16.4222487928),
(518, 'Quezon Hill Proper', 37, 120.584250769, 16.4203560886),
(519, 'Kagitingan', 37, 120.599518941, 16.4216982737),
(520, 'Holy Ghost Proper', 37, 120.602579365, 16.4194130396),
(521, 'MRR-Queen Of Peace', 37, 120.589453308, 16.4185422045),
(522, 'Malcolm Square-Perfecto (Jose Abad Santos)', 37, 120.596764533, 16.4186704688),
(523, 'Harrison-Claudio Carantes', 37, 120.59799914, 16.4175116636),
(524, 'Cabinet Hill-Teacher''s Camp', 37, 120.608333218, 16.4158458119),
(525, 'San Luis Village', 37, 120.578312899, 16.4151979583),
(526, 'Lucnab', 37, 120.628817636, 16.4160775959),
(527, 'Lourdes Subdivision Extension', 37, 120.587132541, 16.4182205608),
(528, 'Session Road Area', 37, 120.599952674, 16.4138912767),
(529, 'Salud Mitra', 37, 120.602274094, 16.4161630687),
(530, 'General Luna, Upper', 37, 120.604017605, 16.4177568324),
(531, 'San Roque Village', 37, 120.583713355, 16.4178958814),
(532, 'Legarda-Burnham-Kisad', 37, 120.595992895, 16.4133070689),
(533, 'Outlook Drive', 37, 120.624196322, 16.4146744108),
(534, 'Country Club Village', 37, 120.61860725, 16.4142929975),
(535, 'Lourdes Subdivision, Proper', 37, 120.585827895, 16.4161558579),
(536, 'Lourdes Subdivision, Lower', 37, 120.587279358, 16.4167363892),
(537, 'Palma-Urbano (Carino-Palma)', 37, 120.59067601, 16.4163003778),
(538, 'Dominican Hill-Mirador', 37, 120.58153449, 16.4087276374),
(539, 'City Camp Central', 37, 120.589142802, 16.4146356368),
(540, 'Asin Road', 37, 120.567565488, 16.4025669215),
(541, 'City Camp Proper', 37, 120.592017342, 16.4144236498),
(542, 'Rock Quarry, Lower', 37, 120.587612122, 16.4138361947),
(543, 'Engineers'' Hill', 37, 120.603207125, 16.412669336),
(544, 'Happy Hollow', 37, 120.620232573, 16.4021047479),
(545, 'DPS Area', 37, 120.606537682, 16.412223704),
(546, 'General Emilio F. Aguinaldo (Quirino-Magsaysa', 37, 120.59180459, 16.4124742214),
(547, 'Rock Quarry, Upper', 37, 120.590006426, 16.4085848574),
(548, 'Ferdinand (Happy Homes-Campo Sioco)', 37, 120.593389086, 16.4078483331),
(549, 'Greenwater Village', 37, 120.606823822, 16.4064730928),
(550, 'BGH Compound', 37, 120.596739703, 16.4067841495),
(551, 'Santo Rosario', 37, 120.587878022, 16.4057798693),
(552, 'Imelda R. Marcos (La Salle)', 37, 120.593978145, 16.406250869),
(553, 'Phil-Am', 37, 120.596325206, 16.4056066847),
(554, 'Santa Escolastica', 37, 120.606029809, 16.403815593),
(555, 'Poliwes', 37, 120.600178911, 16.4017407107),
(556, 'Camp 8', 37, 120.60167292, 16.4039586),
(557, 'Balsigan', 37, 120.594369622, 16.4050692053),
(558, 'SLU-SVP Housing Village', 37, 120.589686789, 16.4038034987),
(559, 'Bakakeng Central', 37, 120.581662586, 16.3987551841),
(560, 'San Vicente', 37, 120.595155561, 16.4005327897),
(561, 'Bakakeng North', 37, 120.58884287, 16.398927523),
(562, 'Scout Barrio', 37, 120.609090293, 16.4000659958),
(563, 'Hillside', 37, 120.60491174, 16.4000404129),
(564, 'Dagsian, Upper', 37, 120.61228145, 16.3918398981),
(565, 'Gabriela Silang', 37, 120.605778911, 16.3944164042),
(566, 'Dagsian, Lower', 37, 120.609305007, 16.3906984856),
(567, 'Dontogan', 37, 120.573076664, 16.3800972709),
(568, 'Liwanag-Loakan', 37, 120.60993766, 16.3825641065),
(569, 'Loakan Proper', 37, 120.615824193, 16.3773223887),
(570, 'Santo Tomas School Area', 37, 120.588173245, 16.3716505448),
(571, 'Fort del Pilar', 37, 120.61809933, 16.3692442459),
(572, 'Kias', 37, 120.627856366, 16.368352517),
(573, 'Bagu', 38, 120.682074762, 16.8885915831),
(574, 'Sinacbat', 38, 120.685081327, 16.8504907407),
(575, 'Dalipey', 38, 120.732020123, 16.8196173446),
(576, 'Kayapa', 38, 120.637465518, 16.7834249347),
(577, 'Poblacion (Central)', 38, 120.665290542, 16.7960157243),
(578, 'Ampusongan', 38, 120.728359395, 16.7611443047),
(579, 'Gambang', 38, 120.776820261, 16.7567490786),
(580, 'Tikey', 39, 120.758441971, 16.5184114428),
(581, 'Nawal', 39, 120.759168842, 16.5568132241),
(582, 'Bila', 39, 120.817130246, 16.5519525025),
(583, 'Ekip', 39, 120.868589438, 16.5426788757),
(584, 'Daclan', 39, 120.819772836, 16.5187144485),
(585, 'Karao', 39, 120.857595906, 16.513064665),
(586, 'Ambuclao', 39, 120.734046772, 16.4780999517),
(587, 'Poblacion', 39, 120.841494433, 16.4729915831),
(588, 'Bobok-Bisal', 39, 120.797316857, 16.4187807301),
(589, 'Pito', 39, 120.84163614, 16.3763847128),
(590, 'Bangao', 40, 120.858596098, 16.8201097098),
(591, 'Poblacion (Central)', 40, 120.838031912, 16.7149696081),
(592, 'Abatan', 40, 120.832187498, 16.8080727698),
(593, 'Calamagan', 40, 120.882487873, 16.802583407),
(594, 'Loo', 40, 120.863764253, 16.7926772865),
(595, 'Buyacaoan', 40, 120.819565321, 16.7724001946),
(596, 'Baculongan Norte', 40, 120.859253908, 16.7690339837),
(597, 'Baculongan Sur', 40, 120.865416277, 16.7497867471),
(598, 'Lengaoan', 40, 120.814701786, 16.7410438728),
(599, 'Sebang', 40, 120.858320773, 16.7354940162),
(600, 'Catlubong', 40, 120.877792629, 16.7208951912),
(601, 'Amgaleyguey', 40, 120.80340953, 16.7182605369),
(602, 'Natubleng', 40, 120.787257816, 16.6930488592),
(603, 'Amlimay', 40, 120.856130559, 16.6940111306),
(604, 'Loacan', 41, 120.680313492, 16.4440766421),
(605, 'Tinongdan', 41, 120.738000651, 16.3907484966),
(606, 'Tuding', 41, 120.648813435, 16.4150555363),
(607, 'Poblacion (Central)', 41, 120.689539058, 16.3689694215),
(608, 'Ucab', 41, 120.67275069, 16.3929915898),
(609, 'Gumatdang', 41, 120.644084978, 16.393093798),
(610, 'Virac', 41, 120.647638782, 16.3622501459),
(611, 'Dalupirip', 41, 120.743948317, 16.2783538861),
(612, 'Ampucao', 41, 120.675306812, 16.2626750874),
(613, 'Tawangan', 42, 120.874976887, 16.6551176464),
(614, 'Ballay', 42, 120.839221418, 16.6675764623),
(615, 'Pacso', 42, 120.793889128, 16.657292019),
(616, 'Gusaran', 42, 120.837159842, 16.6518666496),
(617, 'Anchukey', 42, 120.816558331, 16.6182795751),
(618, 'Kabayan Barrio', 42, 120.828446392, 16.6368740437),
(619, 'Poblacion (Central)', 42, 120.83995672, 16.6290417281),
(620, 'Batan', 42, 120.787297304, 16.6083154063),
(621, 'Lusod', 42, 120.88398068, 16.5949488502),
(622, 'Duacan', 42, 120.845384806, 16.6098241055),
(623, 'Eddet', 42, 120.859863843, 16.600571584),
(624, 'Adaoay', 42, 120.825649334, 16.5797758902),
(625, 'Bashoy', 42, 120.858486707, 16.5727901663),
(626, 'Beleng-Belis', 43, 120.627799109, 16.6535705852),
(627, 'Balakbak', 43, 120.613291459, 16.6450783345),
(628, 'Pudong', 43, 120.594393629, 16.6267147982),
(629, 'Gadang', 43, 120.575737782, 16.617022595),
(630, 'Boklaoan', 43, 120.644402712, 16.6192802293),
(631, 'Cuba', 43, 120.616592293, 16.6193003702),
(632, 'Paykek', 43, 120.607276033, 16.5913980107),
(633, 'Taba-ao', 43, 120.62584645, 16.5872429832),
(634, 'Cayapes', 43, 120.588725553, 16.5881435052),
(635, 'Poblacion Central', 43, 120.584671143, 16.5781632334),
(636, 'Gasweling', 43, 120.547644112, 16.5606415487),
(637, 'Labueg', 43, 120.618197024, 16.5739269814),
(638, 'Pongayan', 43, 120.584886222, 16.5603945949),
(639, 'Datakan', 43, 120.618778597, 16.556656275),
(640, 'Sagubo', 43, 120.557252145, 16.5999532885),
(641, 'Lubo', 44, 120.731947056, 16.662475903),
(642, 'Palina', 44, 120.680842573, 16.7474389443),
(643, 'Tacadang', 44, 120.631757541, 16.7130432648),
(644, 'Madaymen', 44, 120.707988101, 16.7061117046),
(645, 'Poblacion', 44, 120.649186013, 16.6933283073),
(646, 'Badeo', 44, 120.632930256, 16.6731431671),
(647, 'Sagpat', 44, 120.678026603, 16.664024886),
(648, 'Betag', 45, 120.582290701, 16.4532428739),
(649, 'Bineng', 45, 120.566233022, 16.4981412824),
(650, 'Alno', 45, 120.588897244, 16.5014156079),
(651, 'Shilan', 45, 120.63202848, 16.4706224093),
(652, 'Bahong', 45, 120.606566918, 16.4751737588),
(653, 'Alapang', 45, 120.587482293, 16.4771260948),
(654, 'Wangal', 45, 120.562049051, 16.4643357011),
(655, 'Poblacion', 45, 120.578413901, 16.4614644692),
(656, 'Cruz', 45, 120.595033007, 16.4650632652),
(657, 'Balili', 45, 120.590677229, 16.4565280235),
(658, 'Tawang', 45, 120.603502991, 16.4581404805),
(659, 'Puguis', 45, 120.562390917, 16.4480748349),
(660, 'Ambiong', 45, 120.609800135, 16.4446186374),
(661, 'Beckel', 45, 120.62252218, 16.4431806165),
(662, 'Lubas', 45, 120.600627578, 16.446030825),
(663, 'Pico', 45, 120.587336713, 16.4442283001),
(664, 'Palasaan', 46, 120.772243955, 16.8283728011),
(665, 'Bulalacao', 46, 120.815453076, 16.8383675392),
(666, 'Colalo', 46, 120.788871001, 16.9049194248),
(667, 'Cabiten', 46, 120.754529501, 16.8943286591),
(668, 'Bedbed', 46, 120.813352651, 16.8779348702),
(669, 'Paco', 46, 120.778123155, 16.877767707),
(670, 'Balili', 46, 120.83532743, 16.8577320471),
(671, 'Tabio', 46, 120.802617636, 16.8628032754),
(672, 'Poblacion', 46, 120.788201209, 16.8620621228),
(673, 'Sapid', 46, 120.770317485, 16.8568017032),
(674, 'Guinaoang', 46, 120.816136519, 16.8172287756),
(675, 'Taneg', 46, 120.794218597, 16.7928705245),
(676, 'Bagong', 47, 120.518904111, 16.5376166301),
(677, 'Balluay', 47, 120.548535336, 16.5321256885),
(678, 'Pappa', 47, 120.497772127, 16.5167743517),
(679, 'Kamog', 47, 120.515961158, 16.5017887165),
(680, 'Banengbeng', 47, 120.540978063, 16.501090173),
(681, 'Poblacion', 47, 120.481037632, 16.4956543649),
(682, 'Bayabas', 47, 120.489437798, 16.4685770184),
(683, 'Banangan', 47, 120.527892617, 16.4636417088),
(684, 'Taloy Sur', 48, 120.519251784, 16.3618268804),
(685, 'Twin Peaks', 48, 120.570147613, 16.2971562253),
(686, 'Nangalisan', 48, 120.495865984, 16.4338897146),
(687, 'Tadiangan', 48, 120.531964522, 16.4305431694),
(688, 'Taloy Norte', 48, 120.511057625, 16.3917017653),
(689, 'Poblacion', 48, 120.557417699, 16.3745544387),
(690, 'San Pascual', 48, 120.494712338, 16.4017599509),
(691, 'Camp 4', 48, 120.613689439, 16.3369981629),
(692, 'Tabaan Norte', 48, 120.520162833, 16.3254169891),
(693, 'Tabaan Sur', 48, 120.535064582, 16.2902272281),
(694, 'Camp 3', 48, 120.626888215, 16.296992786),
(695, 'Camp One', 48, 120.572683575, 16.257593383),
(696, 'Ansagan', 48, 120.602472356, 16.2346817518),
(697, 'Ba-ayan', 49, 120.639066989, 16.5336803206),
(698, 'Ambongdolan', 49, 120.612238053, 16.5387547003),
(699, 'Tuel', 49, 120.588250822, 16.5317833601),
(700, 'Tublay Central', 49, 120.627972936, 16.521681548),
(701, 'Basil', 49, 120.609233496, 16.5125723477),
(702, 'Ambassador', 49, 120.670901042, 16.4947066648),
(703, 'Daclan', 49, 120.630802622, 16.5069140827),
(704, 'Caponga (Pob.)', 49, 120.652469387, 16.484851537),
(705, 'Mongayang', 51, 121.385124444, 17.0265321824),
(706, 'Butac', 51, 121.37105778, 17.0555193838),
(707, 'Awayan', 51, 121.345420846, 17.0309826507),
(708, 'Damag', 51, 121.315253221, 17.0205844611),
(709, 'Jacmal', 51, 121.289813294, 17.007718892),
(710, 'Talite', 51, 121.273262403, 16.9971924726),
(711, 'Ubao', 51, 121.392904884, 16.9628944307),
(712, 'Chalalo', 51, 121.334692917, 16.9865571506),
(713, 'Ta-ang', 51, 121.294469266, 16.9840277312),
(714, 'Galonogon', 51, 121.339300628, 16.9524994645),
(715, 'Bunhian', 51, 121.290265329, 16.9451820708),
(716, 'Majlong', 51, 121.31374485, 16.9151065197),
(717, 'Posnaan', 51, 121.376651939, 16.8938802336),
(718, 'Buwag', 51, 121.289829626, 16.9005136718),
(719, 'Itab', 51, 121.306927924, 16.8694715054),
(720, 'Halag', 51, 121.358795592, 16.8373667316),
(721, 'Caragasan', 52, 121.481937173, 17.0340136518),
(722, 'Kiling', 52, 121.470478806, 17.0646366332),
(723, 'Little Tadian', 52, 121.544063824, 17.0058581522),
(724, 'Ngileb', 52, 121.4924971, 17.007166269),
(725, 'Pinto', 52, 121.451047804, 16.987412145),
(726, 'San Marcos', 52, 121.539969513, 16.9762695753),
(727, 'Laya', 52, 121.505439966, 16.9572527713),
(728, 'Busilac', 52, 121.45286219, 16.9440566091),
(729, 'Bangar', 52, 121.571745479, 16.9270617712),
(730, 'San Jose', 52, 121.540835342, 16.9456635822),
(731, 'Calimag', 52, 121.563079094, 16.9472737191),
(732, 'Santa Maria', 52, 121.51416803, 16.9361243199),
(733, 'San Quintin', 52, 121.541073865, 16.9250746701),
(734, 'Poblacion', 52, 121.508940571, 16.9080406577),
(735, 'Dolowog', 52, 121.446843816, 16.895827101),
(736, 'San Juan', 52, 121.567576797, 16.9055271283),
(737, 'Calupaan', 52, 121.554769355, 16.8879195989),
(738, 'Namnama', 52, 121.52123212, 16.8860865612),
(739, 'Namillangan', 52, 121.532084889, 16.8669834937),
(740, 'Santo Domingo (Cabicalan)', 52, 121.459570671, 16.8511032136),
(741, 'Namal', 53, 121.043388263, 16.6599324553),
(742, 'Nungawa', 53, 121.057691106, 16.7483100085),
(743, 'Amduntog', 53, 121.050783181, 16.7342337589),
(744, 'Hallap', 53, 121.098286704, 16.7192017885),
(745, 'Antipolo', 53, 121.036455904, 16.7000008965),
(746, 'Panubtuban', 53, 121.131482041, 16.7056586079),
(747, 'Pula', 53, 121.097984085, 16.6853327291),
(748, 'Cawayan', 53, 121.100089007, 16.6496463104),
(749, 'Camandag', 53, 121.033733544, 16.6335787906),
(750, 'Tam-an', 54, 121.060282203, 16.9035751757),
(751, 'Banao', 54, 121.152284599, 16.8899046089),
(752, 'Pula', 54, 121.09993195, 17.0001093447),
(753, 'View Point', 54, 121.059346927, 16.9777356224),
(754, 'Cambulo', 54, 121.111187302, 16.9712703902),
(755, 'San Fernando', 54, 121.044438403, 16.9419312893),
(756, 'Batad', 54, 121.133219238, 16.9454287689),
(757, 'Kinakin', 54, 121.102634636, 16.9214909941),
(758, 'Bocos', 54, 121.075180597, 16.9329240801),
(759, 'Poblacion', 54, 121.057042548, 16.9293299027),
(760, 'Gohang', 54, 121.046583368, 16.916946451),
(761, 'Anaba', 54, 121.151288475, 16.9226557421),
(762, 'Bangaan', 54, 121.130601632, 16.914465453),
(763, 'Ducligan', 54, 121.158706387, 16.907772289),
(764, 'Poitan', 54, 121.081205249, 16.9043962967),
(765, 'Ohaj', 54, 121.03781661, 16.8976365856),
(766, 'Balawis', 54, 121.048045631, 16.8823120967),
(767, 'Amganad', 54, 121.067332333, 16.8877326678),
(768, 'Namulditan', 55, 121.075243446, 16.8434039735),
(769, 'Poblacion (Hingyon)', 55, 121.102037955, 16.8530022293),
(770, 'Piwong', 55, 121.097520016, 16.8356578719),
(771, 'Ubuag', 55, 121.115855011, 16.8841561138),
(772, 'Northern Cababuyan', 55, 121.086373051, 16.882491596),
(773, 'Umalbong', 55, 121.133820185, 16.8579686424),
(774, 'O-ong', 55, 121.06151894, 16.8599852697),
(775, 'Mompolia', 55, 121.118500317, 16.8538668896),
(776, 'Cababuyan', 55, 121.092207141, 16.8663559917),
(777, 'Bitu', 55, 121.107567381, 16.8415690447),
(778, 'Bangtinon', 55, 121.083011213, 16.8295812407),
(779, 'Anao', 55, 121.107731311, 16.8329297401),
(780, 'Poblacion', 56, 120.977907703, 16.8328706424),
(781, 'Ba-ang', 56, 120.984215864, 16.8839614363),
(782, 'Hapao', 56, 120.9853548, 16.8643914317),
(783, 'Lubo-ong', 56, 121.010984102, 16.967250634),
(784, 'Bokiawan', 56, 121.010805317, 16.925313553),
(785, 'Nungulunan', 56, 120.995015108, 16.9085921241),
(786, 'Bangbang', 56, 121.036935891, 16.8385568842),
(787, 'Abatan', 56, 120.959753053, 16.8052825798),
(788, 'Maggok', 56, 121.037725105, 16.7954933742),
(789, 'Dalligan', 57, 121.078052359, 16.8230710373),
(790, 'Tuplac', 57, 121.081769783, 16.7659186319),
(791, 'Bokiawan', 57, 121.07366785, 16.8072742),
(792, 'Lingay', 57, 121.082390435, 16.8147321305),
(793, 'Mungayang', 57, 121.096718238, 16.7990523621),
(794, 'Nagacadan', 57, 121.06230693, 16.784320755),
(795, 'Pindongan', 57, 121.097868243, 16.7839386371),
(796, 'Ambabag', 57, 121.081954034, 16.7850364363),
(797, 'Baguinge', 57, 121.118297352, 16.7502997373),
(798, 'Hucab', 57, 121.142072233, 16.7728894548),
(799, 'Julongan', 57, 121.045058447, 16.7669562802),
(800, 'Poblacion', 57, 121.084394959, 16.7748892778),
(801, 'Duit', 57, 121.080715951, 16.7525984015),
(802, 'Bolog', 57, 121.14736318, 16.7506825726),
(803, 'Abinuan', 58, 121.230138004, 16.8204357032),
(804, 'Boliwong', 58, 121.146029342, 16.8245447739),
(805, 'Poblacion South', 58, 121.123071597, 16.792948297),
(806, 'Tupaya', 58, 121.277016986, 16.7286445433),
(807, 'Jucbong', 58, 121.218812275, 16.8616960653),
(808, 'Montabiong', 58, 121.166024697, 16.8604987112),
(809, 'Burnay', 58, 121.121121909, 16.8263704505),
(810, 'Cudog', 58, 121.106272153, 16.8176479781),
(811, 'Pullaan', 58, 121.164843557, 16.8053579737),
(812, 'Poblacion East', 58, 121.127268486, 16.8070107691),
(813, 'Poblacion North', 58, 121.1187184, 16.8095808011),
(814, 'Ponghal', 58, 121.189386277, 16.798497482),
(815, 'Tungngod', 58, 121.135668351, 16.7976836284),
(816, 'Poblacion West', 58, 121.116737844, 16.800602575),
(817, 'Buyabuyan', 58, 121.232768977, 16.7886794421),
(818, 'Caba', 58, 121.164141347, 16.7702022835),
(819, 'Luta', 58, 121.177214167, 16.7841143358),
(820, 'Banga', 58, 121.204156286, 16.7702611961),
(821, 'Olilicon', 58, 121.251104252, 16.7633810536),
(822, 'Dulao', 58, 121.306650311, 16.7217480968),
(823, 'Umilag', 59, 121.148804201, 16.676931661),
(824, 'Poblacion West', 59, 121.218099757, 16.6732018965),
(825, 'Lucban', 59, 121.185052561, 16.6712108236),
(826, 'Salamague', 59, 121.262016097, 16.6668257988),
(827, 'Mabatobato (Lamut)', 59, 121.205470838, 16.657753769),
(828, 'Hapid', 59, 121.212408317, 16.743387332),
(829, 'Bimpal', 59, 121.177304472, 16.7363491376),
(830, 'Sanafe', 59, 121.233758147, 16.716148329),
(831, 'Payawan', 59, 121.191512558, 16.7058268261),
(832, 'Nayon', 59, 121.155369517, 16.7225844278),
(833, 'Holowon', 59, 121.15080139, 16.7013028066),
(834, 'Pugol (Ifugao Reservation)', 59, 121.246049514, 16.687729479),
(835, 'Panopdopan', 59, 121.168902814, 16.6845062774),
(836, 'Magulon', 59, 121.158204403, 16.6565495318),
(837, 'Lawig', 59, 121.190207334, 16.6541353721),
(838, 'Poblacion East', 59, 121.228148116, 16.6574904226),
(839, 'Pieza', 59, 121.175036441, 16.6455030446),
(840, 'Ambasa', 59, 121.148666806, 16.6422712041),
(841, 'Liwo', 60, 121.250460418, 16.9952668226),
(842, 'Magulon', 60, 121.158446158, 16.9917191507),
(843, 'Chaya', 60, 121.226666259, 16.9961004028),
(844, 'Inwaloy', 60, 121.19931514, 16.9894365426),
(845, 'Maga', 60, 121.180409294, 16.9969319389),
(846, 'Bato-Alatbang', 60, 121.221889058, 16.990958772),
(847, 'Poblacion', 60, 121.218045798, 16.9797711472),
(848, 'Epeng', 60, 121.182165856, 16.9818556186),
(849, 'Chumang', 60, 121.260410529, 16.9678811319),
(850, 'Guinihon', 60, 121.194627397, 16.9693226569),
(851, 'Bongan', 60, 121.237105879, 16.9739875316),
(852, 'Talboc', 60, 121.166967115, 16.9601910397),
(853, 'Mapawoy', 60, 121.209321887, 16.965276789),
(854, 'Banhal', 60, 121.22091492, 16.9589325227),
(855, 'Mayoyao Proper', 60, 121.234699057, 16.9583454341),
(856, 'Mongol', 60, 121.19468936, 16.9544193888),
(857, 'Balangbang', 60, 121.253855812, 16.9522750783),
(858, 'Nalbu', 60, 121.21867693, 16.9315833636),
(859, 'Tulaed', 60, 121.179313543, 16.9379696799),
(860, 'Langayan', 60, 121.241268183, 16.9330427146),
(861, 'Banao', 60, 121.261981279, 16.93238731),
(862, 'Palaad', 60, 121.205724667, 16.9229478452),
(863, 'Aduyongan', 60, 121.176378882, 16.9218046664),
(864, 'Ayangan', 60, 121.192771675, 16.9022223363),
(865, 'Alimit', 60, 121.241670438, 16.9088578601),
(866, 'Buninan', 60, 121.266224807, 16.8898859606),
(867, 'Nattum', 60, 121.305018853, 16.801626107),
(868, 'Ap-apid', 61, 120.967845663, 16.6722241586),
(869, 'Impugong', 61, 120.921780563, 16.6566742159),
(870, 'Ahin', 61, 120.927775704, 16.732316608),
(871, 'Tulludan', 61, 120.971093891, 16.7331583406),
(872, 'Wangwang', 61, 120.957331955, 16.7665534142),
(873, 'Binablayan', 61, 120.997940627, 16.7150439371),
(874, 'Tukucan', 61, 120.935090403, 16.7037133353),
(875, 'Gumhang', 61, 120.995831491, 16.681826106),
(876, 'Eheb', 61, 120.930377431, 16.6811923808),
(877, 'Luhong', 61, 120.966711647, 16.6358115972),
(878, 'Tinoc', 61, 120.925940011, 16.6331908732),
(879, 'Danggo', 61, 120.970495127, 16.6147313024),
(880, 'Mabaca', 62, 121.145891637, 17.6277736122),
(881, 'Tawang', 62, 121.225154576, 17.6043392347),
(882, 'Buaya', 62, 121.225080915, 17.5652767962),
(883, 'Pantikian', 62, 121.146795877, 17.5171512218),
(884, 'Gawa-an', 62, 121.199044747, 17.5309109436),
(885, 'Talalang', 62, 121.105049969, 17.4982289465),
(886, 'Poswoy', 62, 121.240987589, 17.5215564528),
(887, 'Balbalasang', 62, 121.04701162, 17.4758538394),
(888, 'Ababa-an', 62, 121.268374073, 17.5182666405),
(889, 'Poblacion (Salegseg)', 62, 121.201076732, 17.4958181932),
(890, 'Balantoy', 62, 121.225939688, 17.4889761028),
(891, 'Dao-angan', 62, 121.260464153, 17.4867385651),
(892, 'Maling (Kabugao)', 62, 121.244328562, 17.4612702698),
(893, 'Balbalan Proper', 62, 121.194542942, 17.44924719),
(894, 'Cabaritan', 63, 121.423499493, 17.4936541441),
(895, 'Nambucayan', 63, 121.381828614, 17.4805004007),
(896, 'Lanna', 63, 121.435321257, 17.5293339319),
(897, 'New Tanglag', 63, 121.42272921, 17.4582187078),
(898, 'Suyang', 63, 121.363777283, 17.3947531486),
(899, 'Lacnog', 63, 121.557745309, 17.3875972772),
(900, 'San Julian', 63, 121.484686268, 17.5385483149),
(901, 'Balong', 63, 121.466185585, 17.5474811134),
(902, 'Masablang', 63, 121.442660488, 17.5466756052),
(903, 'Dilag', 63, 121.505720818, 17.5195623024),
(904, 'Cabaruan', 63, 121.464891412, 17.5251257894),
(905, 'Tuga', 63, 121.426229441, 17.5086948151),
(906, 'Laya East', 63, 121.478397555, 17.5037921271),
(907, 'Laya West', 63, 121.462227367, 17.503070417),
(908, 'Guilayon', 63, 121.373001219, 17.4986849349),
(909, 'Casigayan', 63, 121.518034428, 17.4910643558),
(910, 'Magnao', 63, 121.339212812, 17.4737527376),
(911, 'Dagupan Centro (Pob.)', 63, 121.479165321, 17.4812774175),
(912, 'Dagupan Weste', 63, 121.455850761, 17.4822111503),
(913, 'Gobgob', 63, 121.420150274, 17.47957037),
(914, 'Magsaysay', 63, 121.507992911, 17.469460916),
(915, 'Bado Dangwa', 63, 121.393974812, 17.4348150123),
(916, 'Bantay', 63, 121.355866407, 17.4330395618),
(917, 'Nambaran', 63, 121.555094553, 17.430990243),
(918, 'Bagumbayan', 63, 121.272778119, 17.4353729716),
(919, 'Appas', 63, 121.476643552, 17.4523899772),
(920, 'Lucog', 63, 121.306804637, 17.4291832889),
(921, 'Calanan', 63, 121.418799698, 17.4264304797),
(922, 'San Juan', 63, 121.474670125, 17.4354971017),
(923, 'Dupag', 63, 121.242996767, 17.4020862403),
(924, 'Malin-awa', 63, 121.42111257, 17.3883970418),
(925, 'Ipil', 63, 121.495071617, 17.3848661768),
(926, 'Naneng', 63, 121.264656377, 17.3950628985),
(927, 'Amlao', 63, 121.302012169, 17.385007145),
(928, 'Balawag', 63, 121.364707226, 17.3740097616),
(929, 'Agbannawag', 63, 121.547657977, 17.3470052061),
(930, 'Bulo', 63, 121.480209404, 17.3439355098),
(931, 'Cudal', 63, 121.402574172, 17.3488947954),
(932, 'Calaccad', 63, 121.417062337, 17.3178903703),
(933, 'Malalao', 63, 121.508188442, 17.3041080332),
(934, 'Bulanao Norte', 63, 121.475778377, 17.4143278024),
(935, 'Bulanao', 63, 121.457186024, 17.3831476408),
(936, 'Dangoy', 64, 121.203437159, 17.3726451594),
(937, 'Tanglag', 64, 121.22039304, 17.3580737046),
(938, 'Lower Uma', 64, 121.157426615, 17.3694026473),
(939, 'Upper Uma', 64, 121.137246098, 17.3354113062),
(940, 'Uma del Norte (Western Luna Uma)', 64, 121.018940329, 17.2947571605),
(941, 'Mabilong', 64, 121.158955946, 17.3498884324),
(942, 'Poblacion', 64, 121.188286388, 17.3487795862),
(943, 'Antonio Canao', 64, 121.168898233, 17.3285679849),
(944, 'Mabongtot', 64, 121.195974076, 17.3220908095),
(945, 'Dangtalan', 65, 121.167887247, 17.3954851707),
(946, 'Dalupa', 65, 121.175495904, 17.3847462153),
(947, 'Cagaluan', 65, 121.195817641, 17.3851423908),
(948, 'Magsilay', 65, 121.178128395, 17.4003187575),
(949, 'Balatoc', 65, 121.112401566, 17.4041226394),
(950, 'Galdang (Casaloan)', 65, 121.129894013, 17.4227192409),
(951, 'Colayo', 65, 121.045759616, 17.3817479817),
(952, 'Balinciagao Norte', 65, 121.213136781, 17.4217238103),
(953, 'Bagtayan', 65, 121.152967729, 17.4212549782),
(954, 'Malucsad', 65, 121.174241892, 17.4165103041),
(955, 'Pugong', 65, 121.161075395, 17.4073402272),
(956, 'Balenciagao Sur', 65, 121.205282575, 17.4083215572),
(957, 'Guina-ang (Pob.)', 65, 121.149583227, 17.3929111561),
(958, 'Ableg', 65, 121.201573428, 17.3988601152),
(959, 'Magaogao', 66, 121.498913501, 17.5930486459);
INSERT INTO `barangay` (`idbarangay`, `name`, `munCityID`, `x`, `y`) VALUES
(960, 'Camalog', 66, 121.416932372, 17.5883268057),
(961, 'Pinococ', 66, 121.468047434, 17.6353168381),
(962, 'Aciga', 66, 121.271176473, 17.6258387891),
(963, 'Ammacian', 66, 121.332221073, 17.636542909),
(964, 'Katabbogan', 66, 121.401595594, 17.6355290229),
(965, 'Taggay', 66, 121.376591677, 17.6359433281),
(966, 'Malagnat', 66, 121.376036283, 17.6229949632),
(967, 'Pinukpuk Junction', 66, 121.402830762, 17.612786611),
(968, 'Wagud', 66, 121.337066232, 17.6115333833),
(969, 'Ballayangon', 66, 121.334659668, 17.5979570901),
(970, 'Taga (Pob.)', 66, 121.391534336, 17.5970364194),
(971, 'Ba-ay', 66, 121.305935493, 17.5711245665),
(972, 'Socbot', 66, 121.505575233, 17.5753684616),
(973, 'Apatan', 66, 121.36703172, 17.5819441667),
(974, 'Mapaco', 66, 121.415474437, 17.5706745287),
(975, 'Pakawit', 66, 121.380247607, 17.56812849),
(976, 'Allaguia', 66, 121.359084766, 17.5657160389),
(977, 'Cawagayan', 66, 121.410200845, 17.5435052173),
(978, 'Dugpa', 66, 121.381715349, 17.5335209557),
(979, 'Bayao', 66, 121.360984876, 17.529558308),
(980, 'Limos', 66, 121.315940415, 17.5322091957),
(981, 'Asibanglan', 66, 121.302634206, 17.4861858425),
(982, 'Calaocan', 67, 121.598224919, 17.4863987424),
(983, 'Liwan West', 67, 121.574430219, 17.4784746396),
(984, 'Romualdez', 67, 121.631523649, 17.4377158873),
(985, 'Macutay', 67, 121.577854237, 17.5546768337),
(986, 'San Pedro', 67, 121.547237177, 17.5606901587),
(987, 'San Quintin', 67, 121.605600594, 17.5471308768),
(988, 'San Francisco', 67, 121.514245375, 17.5573510501),
(989, 'Kinama', 67, 121.535071035, 17.5404883266),
(990, 'San Pascual', 67, 121.599031327, 17.5271108025),
(991, 'Bulbol', 67, 121.545799544, 17.5146390385),
(992, 'Babalag East (Pob.)', 67, 121.604896379, 17.5120990014),
(993, 'Liwan East', 67, 121.638292613, 17.4922137848),
(994, 'Babalag West (Pob.)', 67, 121.572230812, 17.5077620915),
(995, 'Santor', 67, 121.629846658, 17.4625655018),
(996, 'Lower Mangali', 68, 121.235484357, 17.3285548403),
(997, 'Lower Taloctoc', 68, 121.258910142, 17.3620803159),
(998, 'Mabaca', 68, 121.307028503, 17.3518147319),
(999, 'Anggacan', 68, 121.297826113, 17.3294454779),
(1000, 'Dupligan', 68, 121.357273249, 17.3236493121),
(1001, 'Upper Taloctoc', 68, 121.251631376, 17.3449274919),
(1002, 'Dacalan', 68, 121.216194702, 17.2098180489),
(1003, 'Anggacan Sur', 68, 121.298340458, 17.3099771301),
(1004, 'Mangali Centro', 68, 121.232339259, 17.312497023),
(1005, 'Poblacion', 68, 121.234126969, 17.2963174257),
(1006, 'Pangol', 68, 121.31544547, 17.2866883395),
(1007, 'Babbanoy', 68, 121.233367106, 17.2809045025),
(1008, 'Upper Lubo', 68, 121.205563958, 17.2671890262),
(1009, 'Lower Lubo', 68, 121.249427246, 17.2662746826),
(1010, 'Lay-asan', 68, 121.295218383, 17.2479003853),
(1011, 'Gaang', 68, 121.231820509, 17.2505932626),
(1012, 'Ambato Legleg', 69, 121.176673571, 17.278442345),
(1013, 'Mallango', 69, 121.17313405, 17.3074495246),
(1014, 'Sumadel 1', 69, 121.141666442, 17.3072526665),
(1015, 'Belong Manubal', 69, 121.122339198, 17.2940024489),
(1016, 'Sumadel 2', 69, 121.145236527, 17.2942020638),
(1017, 'Upper Bangad', 69, 121.176422965, 17.2929482271),
(1018, 'Tulgao West', 69, 121.092524525, 17.2771457691),
(1019, 'Dananao', 69, 121.118196333, 17.2798824527),
(1020, 'Bangad Centro', 69, 121.149973263, 17.283769249),
(1021, 'Lower Bangad', 69, 121.149139803, 17.2758198696),
(1022, 'Tulgao East', 69, 121.079091829, 17.2646926807),
(1023, 'Ngibat', 69, 121.103367004, 17.2653201571),
(1024, 'Butbut (Butbut-Ngibat)', 69, 121.123151425, 17.2658393463),
(1025, 'Poblacion', 69, 121.140913941, 17.2650519205),
(1026, 'Luplupa', 69, 121.165830139, 17.2586275053),
(1027, 'Loccong', 69, 121.093081037, 17.2413623883),
(1028, 'Buscalan (Buscalan-Locong)', 69, 121.048397291, 17.2415443447),
(1029, 'Old Tinglayan', 69, 121.131308623, 17.252737956),
(1030, 'Basao', 69, 121.140461661, 17.2338503808),
(1031, 'Bugnay', 69, 121.130029328, 17.2003252984),
(1032, 'Gawana (Pob.)', 70, 121.117848253, 17.0332460243),
(1033, 'Lias Silangan', 70, 121.128621261, 17.1537803369),
(1034, 'Lias Kanluran', 70, 121.121925799, 17.122837556),
(1035, 'Lunas', 70, 121.158343764, 17.1477030147),
(1036, 'Chupac', 70, 121.169309709, 17.1104322309),
(1037, 'Lingoy', 70, 121.104120916, 17.0719252895),
(1038, 'Kaleo', 70, 121.171525242, 17.0843217422),
(1039, 'Fiangtin', 70, 121.158618738, 17.0474014289),
(1040, 'Ogoog', 70, 121.196232061, 17.040576991),
(1041, 'Macalana', 70, 121.142355798, 17.0378478376),
(1042, 'Latang', 70, 121.086017652, 17.0261162293),
(1043, 'Balintaugan', 71, 120.865115953, 17.0491768618),
(1044, 'Sinto', 71, 120.865509544, 16.8497561914),
(1045, 'Guinzadan Central', 71, 120.858241418, 16.9669357501),
(1046, 'Bagnen Proper', 71, 120.869254081, 17.0343544612),
(1047, 'Bagnen Oriente', 71, 120.890978594, 17.0305917886),
(1048, 'Bila (Bua)', 71, 120.865934636, 17.0163464096),
(1049, 'Otucan Norte', 71, 120.891287013, 17.0062709301),
(1050, 'Poblacion (Bauko)', 71, 120.867289654, 16.9985537331),
(1051, 'Abatan', 71, 120.855713927, 16.9895129857),
(1052, 'Otucan Sur', 71, 120.892505823, 16.9907372644),
(1053, 'Banao', 71, 120.887822907, 16.9824785297),
(1054, 'Mayag', 71, 120.851664188, 16.9776832561),
(1055, 'Lagawa', 71, 120.89706004, 16.9769744909),
(1056, 'Guinzadan Norte', 71, 120.889576927, 16.9694323622),
(1057, 'Guinzadan Sur', 71, 120.873779729, 16.9623975197),
(1058, 'Tapapan', 71, 120.875809195, 16.9558385973),
(1059, 'Leseb', 71, 120.872130037, 16.9455863776),
(1060, 'Mabaay', 71, 120.884445044, 16.9282596271),
(1061, 'Monamon Norte', 71, 120.917073254, 16.8798784146),
(1062, 'Sadsadan', 71, 120.883742964, 16.9004911278),
(1063, 'Monamon Sur', 71, 120.895995986, 16.853952919),
(1064, 'Mount Data', 71, 120.873213275, 16.8624200374),
(1065, 'Kin-iway (Pob.)', 72, 120.858959014, 17.1030583613),
(1066, 'Ambaguio', 72, 120.846595274, 17.1464934696),
(1067, 'Gueday', 72, 120.874073688, 17.1497154852),
(1068, 'Tamboan', 72, 120.808869732, 17.1214945243),
(1069, 'Agawa', 72, 120.875325418, 17.115447249),
(1070, 'Lacmaan', 72, 120.874912111, 17.104966196),
(1071, 'Laylaya', 72, 120.790148604, 17.0847870031),
(1072, 'Suquib', 72, 120.876163237, 17.0762853148),
(1073, 'Besao East (Besao Proper)', 72, 120.869356248, 17.077848769),
(1074, 'Padangan', 72, 120.839635998, 17.0950163041),
(1075, 'Catengan', 72, 120.817867747, 17.0808372932),
(1076, 'Besao West', 72, 120.85894134, 17.0736104127),
(1077, 'Payeo', 72, 120.860082043, 17.0899732786),
(1078, 'Banguitan', 72, 120.841463845, 17.0751436144),
(1079, 'Gonogon', 73, 120.964689839, 17.0329843291),
(1080, 'Balili', 73, 120.931583341, 17.0415716388),
(1081, 'Mainit', 73, 120.940351033, 17.17468069),
(1082, 'Maligcong', 73, 121.000684187, 17.1452306697),
(1083, 'Tocucan', 73, 121.040189871, 17.1212078162),
(1084, 'Guinaang', 73, 120.962146632, 17.1318736107),
(1085, 'Dalican', 73, 120.935810243, 17.128801607),
(1086, 'Calutit', 73, 121.001335495, 17.1123989716),
(1087, 'Caneo', 73, 121.05974967, 17.0901432154),
(1088, 'Alab Proper', 73, 120.944234715, 17.0881279859),
(1089, 'Poblacion (Bontoc)', 73, 120.985797501, 17.1000787389),
(1090, 'Samoki', 73, 121.001755883, 17.0882441386),
(1091, 'Bontoc Ili', 73, 120.96746929, 17.0992553476),
(1092, 'Alab Oriente', 73, 120.961516486, 17.0693037644),
(1093, 'Talubin', 73, 121.035618474, 17.055179247),
(1094, 'Bayyo', 73, 121.025106211, 17.016456919),
(1095, 'Saliok', 74, 121.330883909, 17.1806355153),
(1096, 'Maducayan', 74, 121.276378981, 17.1728529424),
(1097, 'Santa Isabel', 74, 121.270738438, 17.1138830132),
(1098, 'Alunogan', 74, 121.261328698, 17.0975404417),
(1099, 'Pudo', 74, 121.246171944, 17.0851387251),
(1100, 'Tonglayan', 74, 121.223370673, 17.082012524),
(1101, 'Banao', 74, 121.193050989, 17.1215949831),
(1102, 'Poblacion', 74, 121.2994144, 17.1229217893),
(1103, 'Banawal', 74, 121.378130593, 17.10489896),
(1104, 'Butac', 74, 121.295725131, 17.0941508861),
(1105, 'Balangao', 74, 121.324477585, 17.087054367),
(1106, 'Bacarni', 75, 121.423511815, 17.2788130755),
(1107, 'Bunot', 75, 121.361362483, 17.2599070587),
(1108, 'Buringal', 75, 121.505693459, 17.2363183336),
(1109, 'Poblacion', 75, 121.385739734, 17.2095227945),
(1110, 'Bantay', 75, 121.427036545, 17.1982101961),
(1111, 'Anonat', 75, 121.514334331, 17.1454271205),
(1112, 'Palitod', 75, 121.487544406, 17.1113152094),
(1113, 'Bananao', 75, 121.429772783, 17.1360421685),
(1114, 'Butigue', 75, 121.453066364, 17.1031955022),
(1115, 'Data', 76, 120.906457915, 17.0236481279),
(1116, 'Tambingan', 76, 120.927636609, 17.0154573477),
(1117, 'Supang', 76, 120.90997614, 17.0008868382),
(1118, 'Lagan', 76, 120.953529345, 17.0021598957),
(1119, 'Poblacion', 76, 120.9227208, 17.0055683667),
(1120, 'Losad', 76, 120.941347054, 16.9910822422),
(1121, 'Bun-ayan', 76, 120.935995629, 16.9787459057),
(1122, 'Bao-angan', 76, 120.904966562, 16.9741850244),
(1123, 'Gayang', 76, 120.943573071, 16.9667404178),
(1124, 'Pingad', 76, 120.911738053, 16.965992816),
(1125, 'Camatagan', 76, 120.928037399, 16.9573653329),
(1126, 'Capinitan', 76, 120.936968437, 16.9496903962),
(1127, 'Busa', 76, 120.949785744, 16.9400311001),
(1128, 'Namatec', 76, 120.93500557, 16.9299570883),
(1129, 'Napua', 76, 120.939959351, 16.8985986116),
(1130, 'Saclit', 77, 121.058434785, 17.2166604218),
(1131, 'Belwang', 77, 120.978443799, 17.2077136923),
(1132, 'Bekigan', 77, 120.983465981, 17.2279282434),
(1133, 'Demang', 77, 121.045753842, 17.2001336224),
(1134, 'Sacasacan', 77, 120.97696961, 17.1887227458),
(1135, 'Betwagan', 77, 121.07903706, 17.1623584261),
(1136, 'Poblacion', 77, 121.03902996, 17.1744900494),
(1137, 'Anabel', 77, 121.080518059, 17.1257121562),
(1138, 'Suyo', 78, 120.920812113, 17.0532009567),
(1139, 'Angkeling', 78, 120.904270806, 17.0463367799),
(1140, 'Balugan', 78, 120.900933869, 17.0584435434),
(1141, 'Aguid', 78, 120.893961255, 17.1636516684),
(1142, 'Fidelisan', 78, 120.911803255, 17.1349433501),
(1143, 'Pide', 78, 120.901318082, 17.1402222686),
(1144, 'Bangaan', 78, 120.88886988, 17.1304666516),
(1145, 'Tanulong', 78, 120.917279456, 17.1176885895),
(1146, 'Madongo', 78, 120.89228151, 17.1128492939),
(1147, 'Kilong', 78, 120.912387769, 17.098859281),
(1148, 'Tetepan Norte', 78, 120.926539147, 17.1048893113),
(1149, 'Poblacion (Patay)', 78, 120.895781723, 17.0944348208),
(1150, 'Tetepan Sur', 78, 120.929029171, 17.0940770632),
(1151, 'Nacagang', 78, 120.908061243, 17.0403829964),
(1152, 'Taccong', 78, 120.912352834, 17.0381448719),
(1153, 'Antadao', 78, 120.924873241, 17.0774256246),
(1154, 'Dagdag (Pob.)', 78, 120.892800059, 17.0769362195),
(1155, 'Ambasing', 78, 120.891333071, 17.0574289502),
(1156, 'Demang (Pob.)', 78, 120.887467287, 17.0643933117),
(1157, 'Mabalite', 79, 120.794741553, 17.052601857),
(1158, 'Batayan', 79, 120.820190281, 17.0548141686),
(1159, 'Bantey', 79, 120.839935002, 17.0538933893),
(1160, 'Pandayan', 79, 120.842366762, 16.9428073977),
(1161, 'Sumadel', 79, 120.835971061, 17.0375280432),
(1162, 'Lubon', 79, 120.800179127, 17.0250111902),
(1163, 'Masla', 79, 120.817163985, 17.0369208994),
(1164, 'Duagan', 79, 120.834217088, 17.0196390681),
(1165, 'Poblacion', 79, 120.824127519, 17.0029232068),
(1166, 'Bunga', 79, 120.796941946, 17.0020385688),
(1167, 'Balaoa', 79, 120.831522589, 16.9919542165),
(1168, 'Kayan West', 79, 120.796673504, 16.9830193331),
(1169, 'Kayan East', 79, 120.81224626, 16.9832122041),
(1170, 'Tue', 79, 120.826930874, 16.9706725077),
(1171, 'Dacudac', 79, 120.819083439, 16.9198164168),
(1172, 'Cagubatan', 79, 120.82582736, 16.947215821),
(1173, 'Banaao', 79, 120.841111415, 16.9244269545),
(1174, 'Cadad-anan', 79, 120.859077189, 16.919057928),
(1175, 'Lenga', 79, 120.847689369, 16.9070763943);

-- --------------------------------------------------------

--
-- Table structure for table `bulletin`
--

CREATE TABLE IF NOT EXISTS `bulletin` (
  `bulletinID` int(11) NOT NULL AUTO_INCREMENT,
  `postMsg` varchar(400) DEFAULT NULL,
  `postdate` datetime DEFAULT NULL,
  `province` varchar(25) DEFAULT NULL,
  PRIMARY KEY (`bulletinID`)
) ENGINE=InnoDB  DEFAULT CHARSET=latin1 AUTO_INCREMENT=7 ;

--
-- Dumping data for table `bulletin`
--

INSERT INTO `bulletin` (`bulletinID`, `postMsg`, `postdate`, `province`) VALUES
(1, 'test', '2014-02-15 15:19:23', 'ABRA'),
(2, 'try again', '2014-02-15 15:20:07', 'APAYAO'),
(3, '123456789', '2014-02-15 15:22:21', 'BENGUET'),
(4, 'try me', '2014-02-15 15:23:01', 'IFUGAO'),
(5, 'testing', '2014-02-18 12:28:48', 'ALL'),
(6, 'try', '2014-02-18 12:32:02', 'ALL');

-- --------------------------------------------------------

--
-- Table structure for table `category`
--

CREATE TABLE IF NOT EXISTS `category` (
  `categoryID` int(11) NOT NULL AUTO_INCREMENT,
  `category` varchar(20) NOT NULL,
  PRIMARY KEY (`categoryID`)
) ENGINE=InnoDB  DEFAULT CHARSET=latin1 AUTO_INCREMENT=26 ;

--
-- Dumping data for table `category`
--

INSERT INTO `category` (`categoryID`, `category`) VALUES
(1, 'PNP'),
(2, 'BFP'),
(3, 'Communication Group'),
(4, 'Responder'),
(5, 'Mines'),
(6, 'Malls'),
(7, 'Dams'),
(8, 'Electricity'),
(9, 'Agency'),
(10, 'AFP'),
(11, 'DPWH'),
(12, 'CRDRRMCs'),
(13, 'HOSPITAL'),
(14, 'SCHOOL'),
(15, 'OCD STAFF'),
(16, 'LGU'),
(17, 'DRRMO'),
(18, 'LCE'),
(19, 'TV AND RADIO'),
(20, 'OCD-CO'),
(21, 'OCD Regional Office'),
(22, 'Civic Action Group'),
(23, 'DepEd'),
(24, 'Radio Repeaters'),
(25, 'Evacuation Area');

-- --------------------------------------------------------

--
-- Table structure for table `directory`
--

CREATE TABLE IF NOT EXISTS `directory` (
  `directoryID` int(11) NOT NULL AUTO_INCREMENT,
  `contactNo` varchar(11) NOT NULL,
  `specifics` varchar(10) NOT NULL,
  `establishmentID` varchar(45) DEFAULT NULL,
  `agencyID` int(11) NOT NULL,
  PRIMARY KEY (`directoryID`),
  KEY `dir_agency` (`directoryID`)
) ENGINE=InnoDB  DEFAULT CHARSET=latin1 AUTO_INCREMENT=22 ;

--
-- Dumping data for table `directory`
--

INSERT INTO `directory` (`directoryID`, `contactNo`, `specifics`, `establishmentID`, `agencyID`) VALUES
(21, '51513135', 'adasdasd', '0', 4);

-- --------------------------------------------------------

--
-- Table structure for table `establishment_office`
--

CREATE TABLE IF NOT EXISTS `establishment_office` (
  `establishmentID` int(11) NOT NULL AUTO_INCREMENT,
  `name` varchar(45) NOT NULL,
  `description` varchar(100) NOT NULL,
  `esTypeID` int(3) NOT NULL,
  `locationID` int(11) NOT NULL,
  `agencyID` int(11) DEFAULT NULL,
  PRIMARY KEY (`establishmentID`),
  KEY `est_type` (`esTypeID`),
  KEY `est_loc` (`locationID`),
  KEY `est_dir` (`agencyID`)
) ENGINE=InnoDB  DEFAULT CHARSET=latin1 AUTO_INCREMENT=36 ;

--
-- Dumping data for table `establishment_office`
--

INSERT INTO `establishment_office` (`establishmentID`, `name`, `description`, `esTypeID`, `locationID`, `agencyID`) VALUES
(1, 'fds', 'fdln', 1, 62, 1),
(2, 'fds', 'fdln', 1, 63, 1),
(3, 'Camp Aguinaldo', 'some description', 10, 166, 1),
(4, 'sad', 'asd', 10, 167, 1),
(5, '1', 'd', 1, 168, 1),
(6, 'a', 'a', 10, 169, 1),
(7, '1', '1', 2, 170, 1),
(8, '1', '1', 22, 171, 1),
(9, '1', '2', 17, 172, 1),
(10, 'asd', '1', 3, 173, 1),
(11, 'sd', 'asd', 3, 174, 1),
(12, 'sd', 'asd', 16, 175, 1),
(20, '123', '123', 10, 183, 1),
(21, 'sadasd', 'asdadasd', 10, 184, 1),
(22, 'asd', 'asd', 10, 185, 1),
(23, 'u', 's', 10, 186, 1),
(24, 'Camp Aguinaldo', 'some description here', 10, 187, 1),
(25, '1', 'a', 10, 188, 1),
(26, '1', '1', 10, 189, 1),
(27, '1', 'a', 10, 190, 2),
(28, '1', 'a', 10, 191, 3),
(29, '11', '1', 10, 192, 4),
(30, '1', 'a', 10, 193, 4),
(31, 'Camp Aguinaldo', 'some description', 10, 194, 4),
(32, 'ads', 'asdasd', 10, 195, 4),
(33, '213', '123', 10, 196, 4),
(35, 'Camp Dangwa', 'some description', 10, 198, 4);

-- --------------------------------------------------------

--
-- Table structure for table `establishment_type`
--

CREATE TABLE IF NOT EXISTS `establishment_type` (
  `esTypeID` int(2) NOT NULL AUTO_INCREMENT,
  `classification` varchar(40) NOT NULL,
  PRIMARY KEY (`esTypeID`)
) ENGINE=InnoDB  DEFAULT CHARSET=latin1 AUTO_INCREMENT=26 ;

--
-- Dumping data for table `establishment_type`
--

INSERT INTO `establishment_type` (`esTypeID`, `classification`) VALUES
(1, 'PNP'),
(2, 'BFP'),
(3, 'Communication Group'),
(4, 'Responder'),
(5, 'Mines'),
(6, 'Malls'),
(7, 'Dams'),
(8, 'Electricity'),
(9, 'Agency'),
(10, 'AFP'),
(11, 'DPWH'),
(12, 'CRDRRMC'),
(13, 'HOSPITAL'),
(14, 'SCHOOL'),
(15, 'OCD STAFF'),
(16, 'LGU'),
(17, 'DRRMO'),
(18, 'LCE'),
(19, 'TV AND RADIO'),
(20, 'OCD-CO'),
(21, 'OCD Regional Office'),
(22, 'Civic Action Group'),
(23, 'DepEd'),
(24, 'Radio Repeaters'),
(25, 'Evacuation Area');

-- --------------------------------------------------------

--
-- Table structure for table `event`
--

CREATE TABLE IF NOT EXISTS `event` (
  `eventID` mediumint(9) NOT NULL AUTO_INCREMENT,
  `plotDate` date NOT NULL,
  `plotTime` time NOT NULL,
  `incidentDate` date NOT NULL,
  `incidentTime` time NOT NULL,
  `description` varchar(100) NOT NULL,
  `reportID` bigint(20) DEFAULT NULL,
  `locationID` int(11) NOT NULL,
  `typeID` int(11) NOT NULL,
  `incidentname` varchar(45) DEFAULT NULL,
  PRIMARY KEY (`eventID`),
  KEY `event_loc` (`locationID`),
  KEY `event_rep` (`reportID`),
  KEY `event_acc` (`typeID`)
) ENGINE=InnoDB  DEFAULT CHARSET=latin1 AUTO_INCREMENT=157 ;

--
-- Dumping data for table `event`
--

INSERT INTO `event` (`eventID`, `plotDate`, `plotTime`, `incidentDate`, `incidentTime`, `description`, `reportID`, `locationID`, `typeID`, `incidentname`) VALUES
(42, '2014-01-23', '13:21:01', '2014-01-15', '03:15:00', 'Fire incident at M. Roxas St., Purok 1, Imelda Village. There were 2 casualties. There is heavy traf', NULL, 52, 3, 'Fire at M. Roxas St.'),
(43, '2014-01-23', '13:26:48', '2013-09-21', '07:00:00', 'Road is closed to traffic due to series of landslides along the road.', NULL, 53, 8, 'Road Block'),
(46, '2014-01-24', '16:13:50', '2014-01-01', '14:30:00', 'Road block due to repairs.', NULL, 56, 8, 'Road block'),
(47, '2014-01-24', '16:17:04', '2014-01-07', '04:00:00', 'Group of tourists drowned', NULL, 57, 7, 'Drowned tourists at Burnham Lake'),
(48, '2014-01-24', '16:19:53', '2014-12-24', '05:26:00', 'There is a landslide at Leonila Hill. 0 Casualties.', NULL, 58, 2, 'Landslide at Leonila Hill'),
(55, '2014-01-25', '21:53:51', '2013-12-14', '08:39:00', 'Rock fall!', NULL, 64, 6, 'Rock fall at Bakakeng'),
(56, '2014-01-25', '21:56:34', '2013-11-28', '01:58:00', 'University of Baguio is on fire. No casualties or injured. Cost of damages is still being calculated', NULL, 65, 3, 'University of Baguio on fire!'),
(57, '2014-01-25', '21:59:26', '2014-01-16', '07:48:00', 'A fender bender toppled over at Lopez Jaena, Malvar St. in front of the "Bamba" sari-sari store. 2 p', NULL, 66, 5, 'Vehicular accident at Lopez Jaena - ROAD BLOC'),
(58, '2014-01-25', '22:02:49', '2014-01-25', '04:03:00', 'No casualties. Road is still passable. Motorists should take extra caution', NULL, 67, 2, 'Landslide at Domiinican Hill - still passable'),
(59, '2014-01-25', '22:04:03', '2013-12-19', '15:29:00', 'There is a road block in front of Coyeesan due to taping of a show.', NULL, 68, 8, 'Road block in front of Coyeesan'),
(60, '2014-01-25', '22:05:19', '2014-01-24', '01:20:00', 'Earthquake felt greatly at Mines View. Take caution.', NULL, 69, 1, 'Earthquake'),
(70, '2014-01-25', '22:15:39', '2013-12-04', '02:04:00', 'Rebels attacked a community. Residents are being evacuated.', NULL, 79, 4, 'Rebels attack Hungduan'),
(72, '2014-01-25', '22:32:26', '2013-12-15', '12:21:00', 'Rock fall!!!!!!!!!!!!!!!!!!!!!!!!!!!!!!!!!!!!!!!!!!!', NULL, 81, 6, 'Rock fall at Long long'),
(76, '2014-01-26', '15:32:09', '2014-01-23', '13:25:00', 'Neville Longbottom drowned at the City Camp Lagoon due to flooding. Saved but in critical condition.', NULL, 85, 7, 'Drowning Incident at City Camp Lagoon'),
(77, '2014-01-26', '16:03:31', '2014-01-26', '01:30:00', 'plotting', NULL, 86, 2, 'plotter'),
(78, '2014-01-26', '16:03:45', '2014-01-26', '01:30:00', 'plotting', NULL, 87, 2, 'plotter'),
(79, '2014-01-26', '16:04:11', '2014-01-26', '01:20:00', 'sfdsdfsdsfsdfs', NULL, 88, 1, 'asdfasdf'),
(82, '2014-01-26', '16:17:15', '2014-01-23', '13:25:00', 'Neville Longbottom drowned at the City Camp Lagoon due to flooding. Saved but in critical condition.', NULL, 91, 7, 'Drowning Incident at City Camp Lagoon'),
(83, '2014-01-26', '16:18:37', '2014-01-26', '03:30:00', 'aaaaaaaaaaaa', NULL, 92, 1, 'plott testing '),
(84, '2014-01-26', '16:19:51', '2014-01-26', '08:39:00', 'cvbnm,', NULL, 93, 7, 'Drown'),
(85, '2014-01-26', '16:21:25', '2014-01-26', '12:12:00', 'dsdfsd', NULL, 94, 1, 'testerd'),
(86, '2014-01-26', '16:21:30', '2014-01-26', '12:12:00', 'dsdfsd', NULL, 94, 1, 'testerd'),
(87, '2014-01-26', '16:21:55', '2014-01-26', '12:12:00', 'adasds', NULL, 96, 1, 'dfs'),
(88, '2014-01-26', '16:22:11', '2014-01-26', '01:30:00', 'aaaaaaa', NULL, 97, 1, 'aaaaaa'),
(89, '2014-01-26', '16:23:28', '2014-01-26', '12:12:00', 'dfsfsd', NULL, 98, 1, 'dfsfs'),
(90, '2014-01-26', '16:24:25', '2014-01-26', '01:30:00', 'nalunod na bata', NULL, 99, 7, 'Drowning'),
(91, '2014-01-26', '16:29:39', '2014-01-26', '12:12:00', 'sdfsdg', NULL, 100, 1, 'fafa'),
(92, '2014-01-26', '16:30:07', '2014-01-26', '01:30:00', 'nasunog ang bahay sa may legarda', NULL, 101, 3, 'bahay nasunog'),
(93, '2014-01-26', '16:31:26', '2014-01-26', '01:30:00', 'fire!!!!', NULL, 102, 3, 'SLU nasunog'),
(94, '2014-01-26', '16:41:42', '2014-01-26', '01:20:00', 'nahulog naa', NULL, 103, 6, 'nahulog na bato'),
(95, '2014-01-26', '16:45:06', '2014-01-23', '13:25:00', 'Neville Longbottom drowned at the City Camp Lagoon due to flooding. Saved but in critical condition.', NULL, 104, 7, 'Drowning incident at City Camp Lagoon'),
(96, '2014-01-26', '17:42:07', '2013-11-20', '10:47:00', 'Rock fall at Quezon Hill turning point due to storm. Road is impassable.', NULL, 105, 6, 'Rock fall at Quezon Hill Turning Point'),
(97, '2014-01-26', '17:43:16', '2013-11-20', '10:47:00', 'Road block due to the rock fall. Choose another route.', NULL, 106, 8, 'Road block due to Rock fall'),
(98, '2014-01-26', '17:59:40', '2013-11-19', '00:15:00', 'Hotel Supreme is on fire. Guests are being evacuated. Traffic is being redirected.', NULL, 107, 3, 'Hotel Supreme Caught Fire'),
(99, '2014-01-26', '18:04:40', '2014-01-03', '00:17:00', 'Fire at Sablan', NULL, 108, 3, 'Fire'),
(100, '2014-01-26', '18:06:29', '2014-01-19', '04:17:00', 'Earthquake. Intensity IV.', NULL, 109, 1, 'Earthquake'),
(101, '2014-01-26', '18:12:04', '2014-01-18', '03:09:00', 'Insurgence', NULL, 110, 4, 'Insurgence'),
(102, '2014-01-26', '18:15:04', '2014-01-22', '07:13:00', 'Landslide', NULL, 111, 2, 'Landslide'),
(103, '2014-01-26', '18:16:30', '2014-01-05', '19:28:00', 'Drowning incident', NULL, 112, 7, 'Drowning incident'),
(104, '2014-01-26', '18:18:45', '2013-12-06', '15:59:00', 'Rebels attacked.', NULL, 113, 4, 'Insurgency'),
(105, '2014-01-29', '16:53:54', '2014-01-29', '14:53:00', 'NIGGA DROWNIN!!!', NULL, 114, 7, 'NIGERIA'),
(106, '2014-01-29', '20:53:15', '2014-01-29', '05:30:00', 'Little King is drowning', NULL, 115, 7, 'Drowning Little Boy'),
(107, '2014-01-30', '02:44:49', '2014-01-30', '01:48:00', 'Sunog sa may bangbangcag', NULL, 116, 3, 'Fire in Bucay'),
(108, '2014-01-30', '03:14:28', '2014-01-07', '03:14:00', 'Gulo sa may Dalupa', NULL, 117, 1, 'Insurgence in pinukpuk kalinga'),
(109, '2014-01-30', '03:14:33', '2014-01-07', '03:14:00', 'Gulo sa may Dalupa', NULL, 117, 1, 'Insurgence in pinukpuk kalinga'),
(110, '2014-01-30', '03:14:48', '2014-01-07', '03:14:00', 'Gulo sa may Dalupa', NULL, 117, 1, 'Insurgence in pinukpuk kalinga'),
(111, '2014-01-30', '03:18:54', '2013-12-29', '03:18:00', 'adfsadfasdfasdfsadf', NULL, 120, 1, 'aaaaa'),
(112, '2014-01-30', '03:20:10', '2014-01-30', '03:18:00', 'aaaaaa', NULL, 121, 1, 'sdafsadfsd'),
(113, '2014-01-30', '03:22:53', '2013-12-20', '03:20:00', 'asdfasdfsadfsd', NULL, 122, 1, 'safadsfasdf'),
(114, '2014-01-30', '03:28:53', '2013-11-10', '01:30:00', 'asdfsadfsadf', NULL, 123, 1, 'asdfasdfsadfasd'),
(115, '2014-01-30', '03:29:59', '2013-11-10', '03:30:00', 'xzcvxzcvzxcvzx', NULL, 124, 1, 'dsfadsafasdfasd'),
(116, '2014-01-30', '03:30:49', '2013-11-10', '03:30:00', 'asdfasdfasdfasd', NULL, 125, 1, 'dsafsdfasdfasd'),
(117, '2014-01-30', '03:31:49', '2013-11-10', '03:30:00', 'asdfasdfasdfasd', NULL, 125, 1, 'dsafsdfasdfasd'),
(118, '2014-01-30', '03:32:49', '2013-11-10', '03:30:00', 'safdsfsfsdfsdfsad', NULL, 127, 1, 'asdfasdf'),
(119, '2014-01-30', '03:33:34', '2013-11-10', '03:30:00', 'sadfsadfas', NULL, 128, 1, 'sdafasdfasd'),
(120, '2014-01-30', '03:35:23', '2014-01-30', '03:30:00', 'asdfasdfsdfsafsadf', NULL, 129, 1, 'adsfasdfasd'),
(121, '2014-01-30', '03:37:21', '2013-11-10', '03:30:00', 'sdafadsfasdfasdfasd', NULL, 130, 1, 'dsafasdfasdfasd'),
(122, '2014-01-30', '03:40:25', '2013-11-10', '03:30:00', 'cxzvxvxcvzxcvxzc', NULL, 131, 1, 'asdfasdfasdfasdf'),
(123, '2014-01-30', '03:48:25', '2013-11-10', '01:30:00', 'asdfsadfczxcv', NULL, 132, 1, '12312312312'),
(124, '2014-01-30', '03:51:02', '2013-11-10', '03:50:00', 'asdfasdfasd', NULL, 133, 1, 'asdfasdfsdf'),
(125, '2014-01-30', '03:52:06', '2013-11-10', '03:30:00', 'sadfasdfsdfasd', NULL, 134, 1, 'fdsfsdfsdfs'),
(126, '2014-01-30', '03:53:42', '2013-11-10', '04:00:00', 'sdfasdfasdfsadfsa', NULL, 135, 1, 'asdfasdfsad'),
(127, '2014-01-30', '04:00:34', '2013-04-22', '03:30:00', 'asdfasdfasdfasdfas', NULL, 136, 1, 'sadfasdfsad'),
(128, '2014-01-30', '04:01:42', '2013-04-10', '03:30:00', 'asfsdafsadfsad', NULL, 137, 1, 'sadfsadfsadf'),
(129, '2014-01-30', '04:03:03', '2013-03-28', '04:30:00', 'sadfsadfsdfasdfsd', NULL, 138, 1, 'sadfsdfsadfs'),
(130, '2014-02-07', '18:39:41', '2014-01-09', '03:30:00', 'qwerweqrweqrwqe', NULL, 139, 1, 'rweqrqwerqwe'),
(131, '2014-02-08', '15:23:03', '2014-01-26', '03:30:00', 'testing bambi', NULL, 140, 1, 'werewrweqrwqer'),
(132, '2014-02-08', '16:17:02', '2014-01-14', '03:30:00', 'bamba test', NULL, 141, 1, 'testing bamba'),
(133, '2014-02-08', '21:24:30', '2014-02-08', '09:24:00', 'testing', NULL, 142, 1, 'testing'),
(134, '2014-02-08', '21:25:10', '2014-02-08', '04:30:00', 'asdfasdfasdfasdfsa', NULL, 143, 1, 'afsdafsad'),
(135, '2014-02-08', '21:25:19', '2014-02-08', '04:30:00', 'asdfasdfasdfasdfsa', NULL, 143, 1, 'afsdafsad'),
(136, '2014-02-08', '21:25:20', '2014-02-08', '04:30:00', 'asdfasdfasdfasdfsa', NULL, 143, 1, 'afsdafsad'),
(137, '2014-02-08', '21:25:26', '2014-02-08', '04:30:00', 'asdfasdfasdfasdfsa', NULL, 143, 1, 'afsdafsad'),
(138, '2014-02-08', '21:25:27', '2014-02-08', '04:30:00', 'asdfasdfasdfasdfsa', NULL, 143, 1, 'afsdafsad'),
(139, '2014-02-08', '21:25:28', '2014-02-08', '04:30:00', 'asdfasdfasdfasdfsa', NULL, 143, 1, 'afsdafsad'),
(141, '2014-02-08', '21:26:29', '2014-02-08', '04:30:00', 'sadfsadfsadfsadfas', NULL, 150, 1, 'dsfafsa'),
(143, '2014-02-08', '21:28:33', '2014-02-08', '04:30:00', 'sdafsdafsadfasd', NULL, 152, 1, 'dsfgdsfg'),
(144, '2014-02-08', '21:29:19', '2014-02-08', '06:30:00', 'sadfasdfsadfasfsd', NULL, 153, 1, 'dsafsadfasdf'),
(145, '2014-02-08', '21:33:25', '2014-02-08', '04:50:00', 'sadfasdfsdafsd', NULL, 154, 1, 'Huli ka'),
(147, '2014-02-08', '21:35:39', '2014-02-08', '00:00:00', 'asdfsadfasdfas', NULL, 156, 1, 'sadfsdfsadfas'),
(148, '2014-02-08', '21:37:55', '2014-02-08', '05:10:00', 'sadfsadfsa', NULL, 157, 1, 'asdfasdfsadfsa'),
(149, '2014-02-08', '21:39:36', '2014-02-08', '05:30:00', 'sadfsadfsadfasfasdf', NULL, 158, 1, 'adsfasdfasdfsa'),
(150, '2014-02-08', '21:42:12', '2014-02-08', '04:30:00', 'asdfasdfasdfsadfasd', NULL, 159, 1, 'sadfasdfsad'),
(151, '2014-02-08', '21:54:49', '2014-02-08', '05:10:00', 'addfsafdfdfasd', NULL, 160, 1, 'wqqewqweqwewqeewq'),
(152, '2014-02-08', '21:58:22', '2014-02-08', '04:50:00', 'xzcvzxcvzxcvxzcvxc', NULL, 161, 1, 'asdfsadfasd'),
(153, '2014-02-08', '22:03:54', '2014-02-08', '05:30:00', 'asdfsadfsadfasfas', NULL, 162, 1, 'asdfsadfasdfsa'),
(154, '2014-02-11', '19:42:26', '2014-01-14', '04:30:00', 'sdfasdfasfsad', NULL, 163, 1, 'test'),
(155, '2014-02-11', '19:42:31', '2014-01-14', '04:30:00', 'sdfasdfasfsad', NULL, 163, 1, 'test'),
(156, '2014-02-11', '19:42:32', '2014-01-14', '04:30:00', 'sdfasdfasfsad', NULL, 163, 1, 'test');

-- --------------------------------------------------------

--
-- Table structure for table `event_update`
--

CREATE TABLE IF NOT EXISTS `event_update` (
  `eventID` mediumint(9) NOT NULL,
  `updateDetails` varchar(150) NOT NULL,
  `endDate` date NOT NULL,
  `status` varchar(45) NOT NULL,
  PRIMARY KEY (`eventID`,`updateDetails`),
  KEY `update_event` (`eventID`)
) ENGINE=InnoDB DEFAULT CHARSET=latin1;

-- --------------------------------------------------------

--
-- Table structure for table `gcm`
--

CREATE TABLE IF NOT EXISTS `gcm` (
  `regID` varchar(100) NOT NULL,
  `newsSub` tinyint(4) DEFAULT NULL,
  `provFilter` varchar(45) DEFAULT NULL,
  `munFilter` varchar(45) DEFAULT NULL,
  PRIMARY KEY (`regID`)
) ENGINE=InnoDB DEFAULT CHARSET=latin1;

--
-- Dumping data for table `gcm`
--

INSERT INTO `gcm` (`regID`, `newsSub`, `provFilter`, `munFilter`) VALUES
('APA91bEFvIFNKqdkwHGOV1HiiXQ01PQ_19IWMDBLC6D6pGeHbqHR4Hs4DdxVtoMZHMZo7cAHHM_BOBJ0ab8sS3qechBY1EGmnGmU', 2, 'hhhhh', 'hhhjhh');

-- --------------------------------------------------------

--
-- Table structure for table `incident_report`
--

CREATE TABLE IF NOT EXISTS `incident_report` (
  `reportID` bigint(20) NOT NULL AUTO_INCREMENT,
  `reportDescription` varchar(200) DEFAULT NULL,
  `firstName` varchar(40) DEFAULT NULL,
  `middleInitial` varchar(3) DEFAULT NULL,
  `lastName` varchar(20) DEFAULT NULL,
  `incidentDate` date DEFAULT NULL,
  `incidentTime` time DEFAULT NULL,
  `province` tinyint(2) DEFAULT NULL,
  `barangay` int(11) DEFAULT NULL,
  `municipality` int(4) DEFAULT NULL,
  `reportDate` date DEFAULT NULL,
  `reportTime` time DEFAULT NULL,
  `reportStatus` varchar(9) DEFAULT NULL,
  `attachments` varchar(140) DEFAULT NULL,
  `typeID` int(2) DEFAULT NULL,
  `reporter` tinyint(4) DEFAULT NULL,
  `authenticationCode` varchar(10) DEFAULT NULL,
  `macAddress` varchar(17) DEFAULT NULL,
  `readStatus` varchar(20) DEFAULT NULL,
  `trashMarker` varchar(45) DEFAULT NULL,
  PRIMARY KEY (`reportID`),
  KEY `report_muni` (`municipality`),
  KEY `report_provi` (`province`),
  KEY `report_type_idx` (`typeID`)
) ENGINE=InnoDB  DEFAULT CHARSET=latin1 AUTO_INCREMENT=72 ;

--
-- Dumping data for table `incident_report`
--

INSERT INTO `incident_report` (`reportID`, `reportDescription`, `firstName`, `middleInitial`, `lastName`, `incidentDate`, `incidentTime`, `province`, `barangay`, `municipality`, `reportDate`, `reportTime`, `reportStatus`, `attachments`, `typeID`, `reporter`, `authenticationCode`, `macAddress`, `readStatus`, `trashMarker`) VALUES
(20, 'Banggaan sa Baguio', 'Bambs', 'U', 'Bambi', '2014-01-14', '12:10:00', 5, 895, 63, '2014-01-14', '12:10:00', 'Pending', '1.png|Second Avenue.wav', 5, 1, 'a2aed', '00-14-22-01-23-45', '#D8D8D8', NULL),
(21, 'Banggaan', 'Ryan', 'U', 'Bamba', '2014-01-14', '12:10:00', 5, 895, 63, '2014-01-14', '12:10:00', 'Pending', '1.jpg|2.jpg|png.png', 5, 1, 'cf321', '00-14-22-01-23-45', '#D8D8D8', NULL),
(22, 'Car Crash', 'Ryan', 'U', 'Bamba', '2014-01-14', '12:10:00', 5, 895, 63, '2014-01-14', '12:10:00', 'Pending', '1.jpg|2.jpg', 5, 1, '12fac', '00-14-22-01-23-45', '#D8D8D8', NULL),
(23, 'asdfsad', 'asdfs', 'sad', 'sadfasd', '2014-01-14', '12:10:00', 5, 895, 63, '2014-01-14', '12:10:00', 'Pending', '1.jpg|2.jpg', 5, 1, '123aw', '00-14-22-01-23-45', '#D8D8D8', NULL),
(24, 'Basura', 'Ryan', 'A', 'Bambs', '2014-01-14', '12:10:00', 5, 895, 63, '2014-01-14', '12:10:00', 'Pending', '1.jpg|2.jpg', 5, 1, 'vat31', '00-14-22-01-23-45', '#D8D8D8', NULL),
(25, 'Confirmed', 'Ryan', 'U', 'Bamba', '2014-01-14', '12:10:00', 5, 895, 63, '2014-01-14', '12:10:00', 'Pending', '1.jpg|2.jpg', 5, 1, 'ge213', '00-14-22-01-23-45', '#D8D8D8', NULL),
(26, 'Fire at Brookside', 'Emma', 'D', 'Watson', '2014-01-15', '15:15:00', 3, 444, 37, '2014-01-15', '15:20:00', 'Trash', NULL, 3, 0, NULL, 'e1-12-0e-88-70-12', '#D8D8D8', 'Pending'),
(28, '', '', NULL, NULL, '2013-12-20', '23:00:00', 6, NULL, 72, '2013-12-21', '02:41:00', 'Trash', NULL, 8, 0, '0', 'd9-57-36-f5-8d-77', '#FFFFFF ', 'Pending'),
(29, 'I like unicorns!!! Yey! ^_^', 'Marshmallow', 'is', 'Cute', '2014-01-02', '00:02:00', 5, 828, 59, '2014-01-02', '00:03:00', 'Spam', NULL, 2, 0, '9fs6', 'a0-79-39-23-84-c0', '#D8D8D8', NULL),
(30, 'There''s a tree in the middle of the road in front of St. Paul''s Academy high school', 'Allan', 'Z', 'Rickman', '2013-03-01', '23:05:00', 3, 443, 36, '2013-03-02', '07:15:00', 'Trash', NULL, 8, 0, 'dfa d', 'c8-0e-95-d8-2b-ee', '#FFFFFF ', 'Pending'),
(31, 'Hi! You''re an apple!', 'Annoying', NULL, 'Orange', '2013-03-28', '03:10:00', 1, 127, 11, '2013-03-28', '04:00:00', 'Spam', NULL, 2, 0, NULL, '1e-c1-07-b8-0e-a8', '#FFFFFF ', NULL),
(32, 'I''m a walking landslide!!! ', 'Peter', NULL, 'Cook', '2013-04-10', '05:39:00', 6, NULL, 79, '2013-04-15', '05:39:00', 'Trash', NULL, 2, 1, 'agf7', 'ec-30-cb-4e-ef-98', '#D8D8D8', 'Pending'),
(33, 'May nagbanggaan po dito sa Sagada. Hindi ko po alam kung anong street ito pero 5 minutes from The Rock Inn. It''s causing heavy traffic.', 'Cho', NULL, 'Chang', '2013-04-22', '08:33:00', 6, NULL, 78, '2013-04-22', '09:00:00', 'Pending', NULL, 5, 0, NULL, 'e2-f9-d3-0b-f0-72', '#FFFFFF ', NULL),
(34, 'Mr. Neville Longbottom is drowning at the City Camp Lagoon because of flooding', 'Rupert', 'G', 'Grint', '2014-01-23', '13:25:00', 3, 444, 37, '2014-01-23', '13:27:00', 'Confirmed', NULL, 7, 0, NULL, '0f-53-f2-e3-73-5e', '#D8D8D8', NULL),
(37, 'There''s a shootout between the police and the NPA at Cagaluan. Residents need to be evacuated.', 'Totoro', NULL, 'Tonari', '2014-01-07', '01:18:00', 5, 957, 65, '2014-01-07', '02:00:00', 'Confirmed', NULL, 4, 1, '35i9', '29-1b-8f-91-8b-6c', '#D8D8D8', NULL),
(38, NULL, 'Ralph', NULL, 'Fienes', '2014-01-06', '03:13:00', 1, 169, 16, '2014-01-06', '03:30:00', 'Spam', NULL, 8, 0, '3td8', 'b6-0c-da-c9-05-1b', '#D8D8D8', NULL),
(39, 'The Baker family was massacred. Suspects still unknown. Neighbors were affected.', 'Jhon Luis', 'C', 'Bernas', '2014-01-02', '03:18:00', 3, 583, 39, '2014-01-02', '05:31:00', 'Pending', NULL, 4, 1, '3tD8', '5d-91-09-1d-91-94', '#D8D8D8', NULL),
(40, 'Magnitute 4.9 earthquake at Lagangilang, Abra', 'Jennifer', NULL, 'Lawrence', '2013-12-29', '05:22:00', 1, 110, 10, '2013-12-29', '05:23:00', 'Confirmed', NULL, 1, 1, '715f', '09-76-f2-24-7d-f6', '#FFFFFF ', NULL),
(41, 'Lumindol po dito sa amin sa Alfonso Lista', 'Crabb', NULL, NULL, '2013-12-19', '06:20:00', 4, 723, 52, '2013-12-19', '06:22:00', 'Confirmed', NULL, 1, 0, NULL, '43-07-0b-e6-21-c7', '#FFFFFF ', NULL),
(42, 'Road block at Marcos Highway due to landslides as of 6:40 am. Road is not open to traffic.', 'Luna', NULL, 'Lovegood', '2013-11-23', '06:40:00', 1, 185, 17, '2013-11-23', '06:49:00', 'Pending', NULL, 8, 1, 'JWF4', '21-b1-f5-09-1a-ea', '#FFFFFF ', NULL),
(43, 'Rock fall here at Quezon Hill, near the turning point. No one is injured but traffic should be redirected.', 'Albus', NULL, 'Dumbledore', '2013-11-20', '10:47:00', 3, 444, 37, '2013-11-21', '10:58:00', 'Pending', NULL, 6, 1, 'yN1z', 'c6-cd-fe-a3-7c-55', '#FFFFFF ', NULL),
(44, 'Intensity II earthquake at Calanasan, Apayao.', 'Joshua', NULL, 'Hutcherson', '2013-11-02', '11:00:00', 2, 308, 28, '2013-11-02', '11:05:00', 'Spam', NULL, 1, 1, 'in9K', '64-b4-94-ec-6c-86', '#FFFFFF ', NULL),
(45, 'Landslide at Ambiong, Aurora Hill', 'Katniss', 'E', 'Mellark', '2013-11-10', '19:17:00', 3, 444, 37, '2013-11-10', '19:18:00', 'Spam', NULL, 2, 0, NULL, '01-7c-23-f4-0e-f4', '#FFFFFF ', NULL),
(46, 'Landslide dito po sa Ambiong, Aurora Hill', 'Peeta', 'M', 'Mellark', '2013-11-10', '19:17:00', 3, 444, 37, '2013-11-10', '19:18:00', 'Pending', NULL, 2, 0, 'yubc', '16-c7-1b-66-fc-cf', '#FFFFFF ', NULL),
(47, 'May landslide dito sa Ambiong, di makadaan Hummer ko', 'Gale', 'V', 'Hawthorne', '2013-11-10', '19:20:00', 3, 444, 37, '2013-11-10', '21:00:00', 'Pending', NULL, 2, 1, '45wa', '32-f3-c9-6b-b5-76', '#FFFFFF ', NULL),
(48, 'Tulong po, may landslide dito sa Ambiong', 'Prim', 'A', 'Everdeen', '2013-11-10', '19:15:00', 3, 444, 37, '2013-11-10', '20:00:00', 'Pending', NULL, 2, 0, NULL, 'df-ea-27-03-e0-9b', '#FFFFFF ', NULL),
(49, 'Mahilig po mag-kill steal/secure si Ryan U. Bamba. Taga-Baguio City po siya.', 'Jose', 'P', 'Rizal', '2013-11-16', '12:20:00', 2, 344, 30, '2013-11-16', '11:15:00', 'Trash', NULL, 4, 0, NULL, '13-b9-61-5f-18-76', '#FFFFFF ', 'Pending'),
(50, 'I am predicting rock falls.', 'Nicholas', NULL, 'Flamel', '2013-11-23', '23:40:00', 1, 70, 6, '2013-11-23', '11:19:00', 'Trash', NULL, 6, 0, NULL, '2e-63-e6-f1-f2-1b', '#D8D8D8', 'Pending'),
(51, 'The abandoned building, Building Ahfd, collapsed and there''s rubble in the road. There are no casualties however debris is causing traffic.', 'Jo', NULL, 'Rowliing', '2013-11-29', '23:33:00', 1, 62, 4, '2013-11-29', '00:34:00', 'Pending', NULL, 8, 1, 'oJ0b', '71-43-28-89-de-6f', '#FFFFFF ', NULL),
(52, 'Earthquake', 'Goyle', NULL, NULL, '2013-12-01', '19:10:00', 2, 321, 29, '2013-12-01', '19:30:00', 'Pending', NULL, 1, 0, NULL, '4b-97-d5-d3-2b-91', '#FFFFFF ', NULL),
(53, 'We felt a strong earthquake just now.', 'Dobby', 'D', 'Elf', '2013-12-04', '16:06:00', 3, 645, 44, '2013-12-04', '16:06:00', 'Confirmed', NULL, 1, 0, NULL, 'ed-0b-df-88-3d-42', '#FFFFFF ', NULL),
(54, 'Lumindol po ata.', 'Draco', NULL, 'Malfoy', '2013-12-08', '14:48:00', 1, 295, 26, '2013-12-08', '14:50:00', 'Trash', NULL, 1, 0, NULL, 'c6-37-c0-5b-5e-05', '#D8D8D8', 'Pending'),
(55, 'There''s a VA at Suquib. A truck and a Monterosport are involved. There are casualties but the number is not yet determined.', 'Ginny', NULL, 'Weasley', '2013-12-18', '15:52:00', 6, NULL, 72, '2013-12-18', '15:55:00', 'Confirmed', NULL, 5, 1, '6nOp', '22-49-9b-20-fc-36', '#FFFFFF ', NULL),
(56, 'Nasusunog po ung Building B dito sa Poblacion Central.', 'Edward', 'X', 'Cullen', '2013-12-25', '16:06:00', 3, 615, 42, '2013-12-25', '16:08:00', 'Confirmed', NULL, 3, 1, 'rQq3', 'fa-ff-cc-cb-b1-92', '#FFFFFF ', NULL),
(57, 'I''m rich. I have many gadgets. I foresee rock falls.', 'Nicholas', NULL, 'Flamel', '2013-11-23', '02:18:00', 2, 308, 28, '2013-12-28', '02:50:00', 'Trash', NULL, 6, 0, NULL, '4e-a5-3d-79-33-80', '#FFFFFF ', 'Pending'),
(58, 'A Shell truck skidded off the road. Oil is dripping from it. People are now redirected so they won''t pass along this road. Other motorists and passerbys have been evacuated.', 'Tom', NULL, 'Riddle', '2014-01-04', '05:43:00', 4, 761, 54, '2014-01-04', '07:01:00', 'Pending', NULL, 5, 1, 'y2G3', '13-ea-be-ce-62-26', '#D8D8D8', NULL),
(59, 'Mapopooran diay balay ko sa Kalanasan!!!! ', 'Bree', 'S', 'Tanner', '2014-01-19', '12:06:00', 2, 308, 28, '2014-01-19', '12:10:00', 'Trash', NULL, 3, 0, NULL, 'e3-c7-a3-67-02-81', '#D8D8D8', 'Pending'),
(60, 'Fire!!!!! T-T', 'Calcifer', NULL, 'Howl', '2014-01-09', '18:36:00', 3, 444, 37, '2014-01-09', '18:20:00', 'Confirmed', NULL, 3, 0, NULL, '7c-f7-e4-2f-8a-b1', '#D8D8D8', NULL),
(66, 'trial', 'wilbert', 's', 'chu', '2014-01-24', '16:56:00', 3, 444, 37, '2014-01-25', '08:57:25', 'Confirmed', '', 5, 0, NULL, 'CC:3A:61:E0:A7:94', '#D8D8D8', NULL),
(67, 'trial', 'q', 's', 'c', '2014-01-30', '01:05:00', 1, 2, 1, '2014-01-30', '01:15:46', 'Confirmed', '04249_BG.jpg', 3, 1, NULL, 'CC:3A:61:E0:A7:94', '#D8D8D8', NULL),
(71, '', 'thorcul', 'a', 'bambs', '2014-01-10', '01:48:00', 1, 51, 3, '2014-01-30', '01:59:08', 'Confirmed', '04249_BG.jpg', 3, 0, NULL, 'CC:3A:61:E0:A7:94', '#D8D8D8', NULL);

-- --------------------------------------------------------

--
-- Table structure for table `location`
--

CREATE TABLE IF NOT EXISTS `location` (
  `locationID` int(11) NOT NULL AUTO_INCREMENT,
  `barangay` int(11) DEFAULT NULL,
  `muniCityID` int(6) DEFAULT NULL,
  `x` double DEFAULT NULL,
  `y` double DEFAULT NULL,
  PRIMARY KEY (`locationID`),
  KEY `loc_mun` (`muniCityID`),
  KEY `loc_brgy` (`barangay`)
) ENGINE=InnoDB  DEFAULT CHARSET=latin1 AUTO_INCREMENT=199 ;

--
-- Dumping data for table `location`
--

INSERT INTO `location` (`locationID`, `barangay`, `muniCityID`, `x`, `y`) VALUES
(48, 0, 37, 16.40963701527783, 120.6013011932373),
(51, 362, 31, 16.408278491256677, 120.59185981750488),
(52, 509, 37, 16.420175546002287, 120.6057858467102),
(53, 324, 29, 16.49183061984767, 120.59280395507812),
(54, 450, 37, 16.40632302336129, 120.60486316680908),
(55, 606, 41, 16.404635130008447, 120.60215950012207),
(56, 448, 37, 16.403935267495573, 120.60507774353027),
(57, 454, 37, 16.410954362845047, 120.59462785720825),
(58, 483, 37, 16.427873252368983, 120.60248136520386),
(59, 452, 37, 16.405232069574733, 120.59327602386475),
(60, 445, 37, 16.41076911138241, 120.59460639953613),
(61, 445, 37, 16.417849708448838, 120.62693238258362),
(64, 559, 37, 16.387158398404353, 120.59057235717773),
(65, 530, 37, 16.41570909000975, 120.597283244133),
(66, 486, 37, 16.426556019424478, 120.59881210327148),
(67, 538, 37, 16.406055431489172, 120.58441400527954),
(68, 465, 37, 16.413836029547213, 120.57784795761108),
(69, 445, 37, 16.41836427667592, 120.62683582305908),
(79, 592, 56, 16.838718812281137, 120.97269058227539),
(80, 445, 37, 16.423221733633074, 120.57682871818542),
(81, 659, 45, 16.43120745835341, 120.57830929756165),
(88, 438, 36, 16.42021671101815, 120.5979323387146),
(92, 745, 53, 16.421822139838138, 120.59559345245361),
(93, NULL, 37, 16.411180781059798, 120.58698892593384),
(94, NULL, 37, 16.418446607465903, 120.59867262840271),
(95, NULL, 37, 16.418446607465903, 120.59867262840271),
(96, NULL, 37, 16.41871418229255, 120.60598969459534),
(97, NULL, 37, 16.42118408638175, 120.59999227523804),
(98, NULL, 37, 16.408175572383694, 120.59957385063171),
(99, 532, 37, 16.410254523060647, 120.59512138366699),
(100, NULL, 37, 16.419022922019593, 120.60755610466003),
(101, 532, 37, 16.40858724754898, 120.59364080429077),
(102, NULL, 37, 16.419413991636752, 120.59752464294434),
(103, 493, 37, 16.41939340904493, 120.59439182281494),
(104, 539, 37, 16.411098447194014, 120.58711767196655),
(105, 503, 37, 16.41586346232016, 120.57516574859619),
(106, 503, 37, 16.415667924039617, 120.57525157928467),
(107, 493, 37, 16.428778844838984, 120.59452056884766),
(108, 680, 47, 16.5168275180617, 120.52409648895264),
(109, 1074, 72, 17.126354596974554, 120.78025817871094),
(110, 154, 14, 17.337529877830157, 120.69374084472656),
(111, 582, 39, 16.501274272260968, 120.82489013671875),
(112, 586, 39, 16.479547009916406, 120.75004577636719),
(113, 8, 1, 17.638787196813762, 120.62850952148438),
(114, 20, 1, 16.428696518425188, 120.59870481491089),
(115, 532, 37, 16.410851445387593, 120.59437036514282),
(116, 44, 3, 16.425753326220903, 120.54521083831787),
(117, 946, NULL, 16.41937282645093, 120.59600114822388),
(118, 946, NULL, 16.41937282645093, 120.59600114822388),
(119, 946, NULL, 16.41937282645093, 120.59600114822388),
(120, 114, NULL, 16.40547907851485, 120.60171961784363),
(121, 4, 1, 16.41947573939914, 120.59900522232056),
(122, 1070, NULL, 16.418220197709594, 120.59733152389526),
(123, 449, NULL, 16.419146417773153, 120.59653759002686),
(124, 450, NULL, 16.41894059147365, 120.59731006622314),
(125, 449, NULL, 16.41840544207527, 120.6034255027771),
(126, 449, NULL, 16.41840544207527, 120.6034255027771),
(127, 439, NULL, 16.40611718349233, 120.60188055038452),
(128, 449, NULL, 16.418158449548493, 120.59739589691162),
(129, 68, 5, 16.418364276675934, 120.596022605896),
(130, 446, NULL, 16.418014370429656, 120.59898376464844),
(131, 446, NULL, 16.40638477527954, 120.60097932815552),
(132, 446, NULL, 16.406261271423467, 120.60165524482727),
(133, 445, NULL, 16.41894059147365, 120.59536814689636),
(134, 449, NULL, 16.42077243787921, 120.59605479240417),
(135, 451, NULL, 16.41894059147365, 120.59822201728821),
(136, 1139, NULL, 16.421719228131977, 120.59880137443542),
(137, 1163, NULL, 16.421513404556226, 120.599445104599),
(138, 130, NULL, 16.406919957750027, 120.60127973556519),
(139, 449, NULL, 16.417355721669722, 120.59876918792725),
(140, 583, 39, 16.418343693972997, 120.59173107147217),
(141, 895, 63, 16.42149282218666, 120.58928489685059),
(142, 325, 29, 16.409822267818484, 120.59898376464844),
(144, 441, 36, 16.40939001161591, 120.5910873413086),
(145, 441, 36, 16.40939001161591, 120.5910873413086),
(146, 441, 36, 16.40939001161591, 120.5910873413086),
(147, 441, 36, 16.40939001161591, 120.5910873413086),
(148, 441, 36, 16.40939001161591, 120.5910873413086),
(149, 441, 36, 16.40939001161591, 120.5910873413086),
(150, 360, 31, 16.40599367946643, 120.60147285461426),
(152, 885, 62, 16.407413971031712, 120.5925464630127),
(153, 310, 28, 16.408422577587398, 120.59542179107666),
(154, 440, 36, 16.405170317290718, 120.60138702392578),
(156, 439, 36, 16.40681703815847, 120.59660196304321),
(157, 439, 36, 16.409122423961627, 120.6008505821228),
(158, 439, 36, 16.410480942089926, 120.5919885635376),
(159, 441, 36, 16.40813440481927, 120.5914306640625),
(160, 438, 36, 16.407475722603742, 120.59791088104248),
(161, 438, 36, 16.409348844308443, 120.59771776199341),
(162, 441, 36, 16.40920475866368, 120.59265375137329),
(163, 895, 63, 16.417705629101217, 120.60012102127075),
(164, 895, 63, 16.417705629101217, 120.60012102127075),
(165, 895, 63, 16.417705629101217, 120.60012102127075),
(166, 33, 2, 120.60091495513915, 16.43126920236909),
(167, 511, 0, 120.64859390258789, 16.4653900576798),
(168, 170, 16, 120.64224243164062, 16.543405034418058),
(169, 171, 16, 120.69786071777344, 16.434109405877386),
(170, 334, 29, 120.74111938476561, 16.4709871159078),
(171, 0, 28, 120.74249267578126, 16.538797430033895),
(172, 346, 30, 120.9165573120117, 16.517732694885684),
(173, 170, 16, 120.75004577636719, 16.574997069603082),
(174, 183, 17, 120.59273958206175, 16.414288859004685),
(175, 183, 17, 120.59628009796141, 16.415050433441923),
(183, 2, 1, 120.59615135192871, 16.42649427391114),
(184, 2, 1, 120.59115171432495, 16.426576601257903),
(186, 2, 1, 120.59545397758484, 16.42746161803295),
(187, 2, 1, 120.59406995773314, 16.42501237570585),
(188, 2, 1, 120.59147357940674, 16.42711172816176),
(189, 2, 1, 120.596022605896, 16.427296964054385),
(190, 576, 38, 120.60024976730347, 16.428778844838984),
(191, 2, 1, 120.59565782546997, 16.42610321853775),
(192, 0, 1, 120.59606552124023, 16.4259179815073),
(193, 180, 17, 120.59303998947144, 16.426617764918202),
(194, 316, 28, 120.59645175933836, 16.427070564606076),
(195, 182, 17, 120.59419870376588, 16.427214637012785),
(196, 5, 1, 120.59570074081421, 16.425259359524727),
(198, 0, 28, 120.59162378311157, 16.426741255846792);

-- --------------------------------------------------------

--
-- Table structure for table `log`
--

CREATE TABLE IF NOT EXISTS `log` (
  `logID` int(10) unsigned NOT NULL AUTO_INCREMENT,
  `DatePerformed` datetime NOT NULL,
  `IPAddress` varchar(45) NOT NULL,
  `action` varchar(355) NOT NULL,
  `logNotes` varchar(355) NOT NULL,
  PRIMARY KEY (`logID`),
  KEY `log.acc` (`logID`)
) ENGINE=InnoDB  DEFAULT CHARSET=latin1 AUTO_INCREMENT=1258 ;

--
-- Dumping data for table `log`
--

INSERT INTO `log` (`logID`, `DatePerformed`, `IPAddress`, `action`, `logNotes`) VALUES
(679, '2014-02-18 12:35:07', '::1', 'Log Deleting Success.', 'Jose Rizal  Deleted a Log.ID: 678,677,676,675,674,673,672,671,670,669,668,667,'),
(680, '2014-02-18 19:57:32', '::1', 'Province adding Success.', 'Jose Rizal  added a province.'),
(681, '2014-02-22 13:48:26', '::1', 'Agency deletion Success.', 'Jose Rizal  deleted an Agency.'),
(682, '2014-02-22 13:48:29', '::1', 'Agency deletion Success.', 'Jose Rizal  deleted an Agency.'),
(683, '2014-02-22 13:51:05', '::1', 'Agency adding Success.', 'Jose Rizal  added an Agency.'),
(684, '2014-02-22 13:54:25', '::1', 'Agency adding Success.', 'Jose Rizal  added an Agency.'),
(685, '2014-02-22 13:54:45', '::1', 'Agency deletion Success.', 'Jose Rizal  deleted an Agency.'),
(686, '2014-02-22 13:54:49', '::1', 'Agency deletion Success.', 'Jose Rizal  deleted an Agency.'),
(687, '2014-02-22 14:40:47', '::1', 'Agency adding Success.', 'Jose Rizal  added an Agency.'),
(688, '2014-02-22 14:43:21', '::1', 'Agency adding Success.', 'Jose Rizal  added an Agency.'),
(689, '2014-02-22 14:43:29', '::1', 'Agency deletion Success.', 'Jose Rizal  deleted an Agency.'),
(690, '2014-02-22 14:51:14', '::1', 'Contact deleting Success.', 'Jose Rizal  deleted a Contact information.'),
(691, '2014-02-22 14:51:27', '::1', 'Contact deleting Success.', 'Jose Rizal  deleted a Contact information.'),
(692, '2014-02-22 14:51:46', '::1', 'Contact deleting Success.', ' deleted a Contact information.'),
(693, '2014-02-22 14:51:50', '::1', 'Contact deleting Success.', ' deleted a Contact information.'),
(694, '2014-02-22 14:52:00', '::1', 'Contact deleting Success.', ' deleted a Contact information.'),
(695, '2014-02-22 14:52:03', '::1', 'Contact deleting Success.', ' deleted a Contact information.'),
(696, '2014-02-22 14:52:04', '::1', 'Contact deleting Success.', ' deleted a Contact information.'),
(697, '2014-02-22 14:52:05', '::1', 'Contact deleting Success.', ' deleted a Contact information.'),
(698, '2014-02-22 14:52:06', '::1', 'Contact deleting Success.', ' deleted a Contact information.'),
(699, '2014-02-22 14:52:06', '::1', 'Contact deleting Success.', ' deleted a Contact information.'),
(700, '2014-02-22 14:52:07', '::1', 'Contact deleting Success.', ' deleted a Contact information.'),
(701, '2014-02-22 14:52:07', '::1', 'Contact deleting Success.', ' deleted a Contact information.'),
(702, '2014-02-22 14:52:07', '::1', 'Contact deleting Success.', ' deleted a Contact information.'),
(703, '2014-02-22 14:52:08', '::1', 'Contact deleting Success.', ' deleted a Contact information.'),
(704, '2014-02-22 14:52:08', '::1', 'Contact deleting Success.', ' deleted a Contact information.'),
(705, '2014-02-22 14:52:08', '::1', 'Contact deleting Success.', ' deleted a Contact information.'),
(706, '2014-02-22 15:10:59', '::1', 'Contact deleting Success.', 'Jose Rizal  deleted a Contact information.'),
(707, '2014-02-22 15:11:06', '::1', 'Contact deleting Success.', 'Jose Rizal  deleted a Contact information.'),
(708, '2014-02-22 15:11:10', '::1', 'Contact deleting Success.', 'Jose Rizal  deleted a Contact information.'),
(709, '2014-02-22 15:11:13', '::1', 'Contact deleting Success.', 'Jose Rizal  deleted a Contact information.'),
(710, '2014-02-23 07:48:41', '::1', 'Directory adding Success.', 'Jose Rizal  added a Directory.'),
(711, '2014-02-23 07:54:52', '::1', 'Contact deleting Success.', 'Jose Rizal  deleted a Contact information.'),
(712, '2014-02-23 07:55:20', '::1', 'Directory adding Success.', 'Jose Rizal  added a Directory.'),
(713, '2014-02-23 07:58:09', '::1', 'Contact deleting Success.', 'Jose Rizal  deleted a Contact information.'),
(714, '2014-02-23 07:58:40', '::1', 'Directory adding Success.', 'Jose Rizal  added a Directory.'),
(715, '2014-02-23 10:17:02', '::1', 'Directory adding Success.', 'Jose Rizal  added a Directory.'),
(716, '2014-02-23 10:18:12', '::1', 'Agency adding Success.', 'Jose Rizal  added an Agency.'),
(717, '2014-02-23 10:18:44', '::1', 'Directory adding Success.', 'Jose Rizal  added a Directory.'),
(718, '2014-02-23 11:35:00', '::1', 'Contact deleting Success.', 'Jose Rizal  deleted a Contact information.'),
(719, '2014-02-23 11:35:02', '::1', 'Contact deleting Success.', 'Jose Rizal  deleted a Contact information.'),
(720, '2014-02-23 11:35:03', '::1', 'Contact deleting Success.', 'Jose Rizal  deleted a Contact information.'),
(721, '2014-02-23 11:35:20', '::1', 'Directory adding Success.', 'Jose Rizal  added a Directory.'),
(722, '2014-02-23 11:35:48', '::1', 'Contact deleting Success.', 'Jose Rizal  deleted a Contact information.'),
(723, '2014-02-23 11:50:43', '::1', 'Directory adding Success.', 'Jose Rizal  added a Directory.'),
(724, '2014-02-23 11:52:39', '::1', 'Contact deleting Success.', 'Jose Rizal  deleted a Contact information.'),
(725, '2014-02-23 11:52:53', '::1', 'Directory adding Success.', 'Jose Rizal  added a Directory.'),
(726, '2014-02-23 11:54:30', '::1', 'Contact deleting Success.', 'Jose Rizal  deleted a Contact information.'),
(727, '2014-02-23 11:54:42', '::1', 'Directory adding Success.', 'Jose Rizal  added a Directory.'),
(728, '2014-02-23 11:54:52', '::1', 'Contact deleting Success.', 'Jose Rizal  deleted a Contact information.'),
(729, '2014-02-23 12:45:20', '::1', 'Agency deletion Success.', 'Jose Rizal  deleted an Agency.'),
(730, '2014-02-23 12:45:22', '::1', 'Agency deletion Success.', 'Jose Rizal  deleted an Agency.'),
(731, '2014-02-23 12:47:23', '::1', 'Agency adding Success.', 'Jose Rizal  added an Agency.'),
(732, '2014-02-23 12:54:32', '::1', 'Agency deletion Success.', 'Jose Rizal  deleted an Agency.'),
(733, '2014-02-23 12:54:53', '::1', 'Agency adding Success.', 'Jose Rizal  added an Agency.'),
(734, '2014-02-23 13:35:07', '::1', 'Agency adding Success.', 'Jose Rizal  added an Agency.'),
(735, '2014-02-23 13:35:36', '::1', 'Directory adding Success.', 'Jose Rizal  added a Directory.'),
(736, '2014-02-23 13:37:05', '::1', 'Contact deleting Success.', 'Jose Rizal  deleted a Contact information.'),
(737, '2014-02-23 13:37:16', '::1', 'Directory adding Success.', 'Jose Rizal  added a Directory.'),
(738, '2014-02-23 13:39:21', '::1', 'Contact deleting Success.', 'Jose Rizal  deleted a Contact information.'),
(739, '2014-02-23 13:39:34', '::1', 'Directory adding Success.', 'Jose Rizal  added a Directory.'),
(740, '2014-02-23 13:44:12', '::1', 'Agency adding Success.', 'Jose Rizal  added an Agency.'),
(741, '2014-02-23 13:44:19', '::1', 'Agency deletion Success.', 'Jose Rizal  deleted an Agency.'),
(742, '2014-02-23 13:44:26', '::1', 'Agency adding Success.', 'Jose Rizal  added an Agency.'),
(743, '2014-02-23 13:44:31', '::1', 'Agency deletion Success.', 'Jose Rizal  deleted an Agency.'),
(744, '2014-02-23 13:44:53', '::1', 'Agency adding Success.', 'Jose Rizal  added an Agency.'),
(745, '2014-02-23 13:45:09', '::1', 'Agency Editing Success.', 'Jose Rizal  edited an Agency.'),
(746, '2014-02-23 13:45:44', '::1', 'Directory adding Success.', 'Jose Rizal  added a Directory.'),
(747, '2014-02-23 13:56:50', '::1', 'Contact deleting Success.', 'Jose Rizal  deleted a Contact information.'),
(748, '2014-02-23 13:56:51', '::1', 'Contact deleting Success.', 'Jose Rizal  deleted a Contact information.'),
(749, '2014-02-23 13:59:28', '::1', 'Agency adding Success.', 'Jose Rizal  added an Agency.'),
(750, '2014-02-23 13:59:37', '::1', 'Agency deletion Success.', 'Jose Rizal  deleted an Agency.'),
(751, '2014-02-23 13:59:40', '::1', 'Agency deletion Success.', 'Jose Rizal  deleted an Agency.'),
(752, '2014-02-23 14:00:00', '::1', 'Directory adding Success.', 'Jose Rizal  added a Directory.'),
(753, '2014-02-23 14:05:02', '::1', 'Contact deleting Success.', 'Jose Rizal  deleted a Contact information.'),
(754, '2014-02-23 14:05:26', '::1', 'Directory adding Success.', 'Jose Rizal  added a Directory.'),
(755, '2014-02-23 14:06:51', '::1', 'Contact deleting Success.', 'Jose Rizal  deleted a Contact information.'),
(756, '2014-02-23 14:06:57', '::1', 'Directory adding Success.', 'Jose Rizal  added a Directory.'),
(757, '2014-02-23 14:07:17', '::1', 'Contact deleting Success.', 'Jose Rizal  deleted a Contact information.'),
(758, '2014-02-23 14:07:56', '::1', 'Directory adding Success.', 'Jose Rizal  added a Directory.'),
(759, '2014-02-23 14:09:25', '::1', 'Contact deleting Success.', 'Jose Rizal  deleted a Contact information.'),
(760, '2014-02-23 14:09:37', '::1', 'Directory adding Success.', 'Jose Rizal  added a Directory.'),
(761, '2014-02-23 14:10:06', '::1', 'Contact deleting Success.', 'Jose Rizal  deleted a Contact information.'),
(762, '2014-02-23 14:10:16', '::1', 'Directory adding Success.', 'Jose Rizal  added a Directory.'),
(763, '2014-02-23 14:12:03', '::1', 'Contact deleting Success.', 'Jose Rizal  deleted a Contact information.'),
(764, '2014-02-23 14:12:10', '::1', 'Directory adding Success.', 'Jose Rizal  added a Directory.'),
(765, '2014-02-23 14:12:30', '::1', 'Contact deleting Success.', 'Jose Rizal  deleted a Contact information.'),
(766, '2014-02-23 14:12:53', '::1', 'Directory adding Success.', 'Jose Rizal  added a Directory.'),
(767, '2014-02-23 14:13:36', '::1', 'Directory adding Success.', 'Jose Rizal  added a Directory.'),
(768, '2014-02-23 14:14:10', '::1', 'Directory adding Success.', 'Jose Rizal  added a Directory.'),
(769, '2014-02-23 14:14:27', '::1', 'Contact deleting Success.', 'Jose Rizal  deleted a Contact information.'),
(770, '2014-02-23 14:14:28', '::1', 'Contact deleting Success.', 'Jose Rizal  deleted a Contact information.'),
(771, '2014-02-23 14:14:30', '::1', 'Contact deleting Success.', 'Jose Rizal  deleted a Contact information.'),
(772, '2014-02-23 14:16:34', '::1', 'Directory adding Success.', 'Jose Rizal  added a Directory.'),
(773, '2014-02-23 14:27:28', '::1', 'Contact deleting Success.', 'Jose Rizal  deleted a Contact information.'),
(774, '2014-02-23 14:27:38', '::1', 'Directory adding Success.', 'Jose Rizal  added a Directory.'),
(775, '2014-02-23 14:28:28', '::1', 'Contact deleting Success.', 'Jose Rizal  deleted a Contact information.'),
(776, '2014-02-23 14:28:45', '::1', 'Directory adding Success.', 'Jose Rizal  added a Directory.'),
(777, '2014-02-23 14:28:59', '::1', 'Contact deleting Success.', 'Jose Rizal  deleted a Contact information.'),
(778, '2014-02-23 14:29:15', '::1', 'Directory adding Success.', 'Jose Rizal  added a Directory.'),
(779, '2014-02-23 14:29:54', '::1', 'Contact deleting Success.', 'Jose Rizal  deleted a Contact information.'),
(780, '2014-02-23 14:30:04', '::1', 'Directory adding Success.', 'Jose Rizal  added a Directory.'),
(781, '2014-02-23 14:30:34', '::1', 'Contact deleting Success.', 'Jose Rizal  deleted a Contact information.'),
(782, '2014-02-23 14:30:55', '::1', 'Directory adding Success.', 'Jose Rizal  added a Directory.'),
(783, '2014-02-23 14:31:20', '::1', 'Contact deleting Success.', 'Jose Rizal  deleted a Contact information.'),
(784, '2014-02-23 14:32:39', '::1', 'Directory adding Success.', 'Jose Rizal  added a Directory.'),
(785, '2014-02-23 14:38:26', '::1', 'Contact deleting Success.', 'Jose Rizal  deleted a Contact information.'),
(786, '2014-02-23 14:38:39', '::1', 'Directory adding Success.', 'Jose Rizal  added a Directory.'),
(787, '2014-02-23 14:41:23', '::1', 'Contact deleting Success.', 'Jose Rizal  deleted a Contact information.'),
(788, '2014-02-23 14:41:36', '::1', 'Directory adding Success.', 'Jose Rizal  added a Directory.'),
(789, '2014-02-23 14:41:59', '::1', 'Contact deleting Success.', 'Jose Rizal  deleted a Contact information.'),
(790, '2014-02-23 14:42:11', '::1', 'Directory adding Success.', 'Jose Rizal  added a Directory.'),
(791, '2014-02-23 14:48:14', '::1', 'Contact deleting Success.', 'Jose Rizal  deleted a Contact information.'),
(792, '2014-02-23 14:48:25', '::1', 'Directory adding Success.', 'Jose Rizal  added a Directory.'),
(793, '2014-02-23 15:04:09', '::1', 'Contact deleting Success.', 'Jose Rizal  deleted a Contact information.'),
(794, '2014-02-23 15:04:27', '::1', 'Directory adding Success.', 'Jose Rizal  added a Directory.'),
(795, '2014-02-23 15:06:09', '::1', 'Agency deletion Success.', 'Jose Rizal  deleted an Agency.'),
(796, '2014-02-23 15:07:43', '::1', 'Agency adding Success.', 'Jose Rizal  added an Agency.'),
(797, '2014-02-23 15:07:50', '::1', 'Contact deleting Success.', 'Jose Rizal  deleted a Contact information.'),
(798, '2014-02-23 15:08:00', '::1', 'Directory adding Success.', 'Jose Rizal  added a Directory.'),
(799, '2014-02-23 15:11:46', '::1', 'Contact deleting Success.', 'Jose Rizal  deleted a Contact information.'),
(800, '2014-02-23 15:12:02', '::1', 'Directory adding Success.', 'Jose Rizal  added a Directory.'),
(801, '2014-02-23 15:12:20', '::1', 'Contact deleting Success.', 'Jose Rizal  deleted a Contact information.'),
(802, '2014-02-24 07:23:11', '::1', 'Directory adding Success.', 'Jose Rizal  added a Directory.'),
(803, '2014-02-24 07:23:57', '::1', 'Contact deleting Success.', 'Jose Rizal  deleted a Contact information.'),
(804, '2014-02-24 07:25:05', '::1', 'Agency deletion Success.', 'Jose Rizal  deleted an Agency.'),
(805, '2014-02-24 10:22:19', '::1', 'Agency adding Success.', 'Jose Rizal  added an Agency.'),
(806, '2014-02-24 10:22:42', '::1', 'Directory adding Success.', 'Jose Rizal  added a Directory.'),
(807, '2014-02-24 10:23:52', '::1', 'Accident type editing Success.', 'Jose Rizal  edited an Accident type.'),
(808, '2014-02-24 10:23:58', '::1', 'Accident type editing Success.', 'Jose Rizal  edited an Accident type.'),
(809, '2014-02-24 10:24:04', '::1', 'Province editing Success.', 'Jose Rizal  edited a Province.'),
(810, '2014-02-24 10:24:10', '::1', 'Province editing Success.', 'Jose Rizal  edited a Province.'),
(811, '2014-02-24 10:24:33', '::1', 'Establishment Editing Success.', 'Jose Rizal  edited an Establishment.'),
(812, '2014-02-24 10:24:38', '::1', 'Establishment Editing Success.', 'Jose Rizal  edited an Establishment.'),
(813, '2014-02-24 10:24:51', '::1', 'Category Editing Success.', 'Jose Rizal  edited a Category.'),
(814, '2014-02-24 10:24:56', '::1', 'Category Editing Success.', 'Jose Rizal  edited a Category.'),
(815, '2014-02-24 10:26:44', '::1', 'Agency Editing Success.', 'Jose Rizal  edited an Agency.'),
(816, '2014-02-24 10:28:38', '::1', 'Agency Editing Success.', 'Jose Rizal  edited an Agency.'),
(817, '2014-02-24 10:51:14', '::1', 'Agency Editing Success.', 'Jose Rizal  edited an Agency.'),
(818, '2014-02-24 10:53:03', '::1', 'Directory Editing Success.', 'Jose Rizal  edited a Directory.'),
(819, '2014-02-24 10:57:18', '::1', 'Contact deleting Success.', 'Jose Rizal  deleted a Contact information.'),
(820, '2014-02-24 10:57:38', '::1', 'Directory adding Success.', 'Jose Rizal  added a Directory.'),
(821, '2014-02-24 10:57:49', '::1', 'Directory Editing Success.', 'Jose Rizal  edited a Directory.'),
(822, '2014-02-24 10:58:10', '::1', 'Directory Editing Success.', 'Jose Rizal  edited a Directory.'),
(823, '2014-02-24 10:59:19', '::1', 'Accident type editing Success.', 'Jose Rizal  edited an Accident type.'),
(824, '2014-02-24 10:59:36', '::1', 'Directory Editing Success.', 'Jose Rizal  edited a Directory.'),
(825, '2014-02-24 11:00:09', '::1', 'Directory Editing Success.', 'Jose Rizal  edited a Directory.'),
(826, '2014-02-24 11:01:00', '::1', 'Directory Editing Success.', 'Jose Rizal  edited a Directory.'),
(827, '2014-02-24 11:14:54', '::1', 'Directory Editing Success.', 'Jose Rizal  edited a Directory.'),
(828, '2014-02-24 11:15:01', '::1', 'Directory Editing Success.', 'Jose Rizal  edited a Directory.'),
(829, '2014-02-24 11:15:37', '::1', 'Directory adding Success.', 'Jose Rizal  added a Directory.'),
(830, '2014-02-24 11:15:42', '::1', 'Contact deleting Success.', 'Jose Rizal  deleted a Contact information.'),
(831, '2014-02-24 11:15:55', '::1', 'Contact deleting Success.', 'Jose Rizal  deleted a Contact information.'),
(832, '2014-02-24 11:16:12', '::1', 'Directory adding Success.', 'Jose Rizal  added a Directory.'),
(833, '2014-02-24 11:17:53', '::1', 'Location adding Success.', 'Jose Rizal  added a Location.'),
(834, '2014-02-24 11:17:53', '::1', 'Establishment Office adding Success.', 'Jose Rizal  added an Establishment Office.'),
(835, '2014-02-24 11:17:53', '::1', 'Directory adding Success.', 'Jose Rizal  added a Directory.'),
(836, '2014-02-24 11:18:36', '::1', 'Location adding Success.', 'Jose Rizal  added a Location.'),
(837, '2014-02-24 11:18:36', '::1', 'Establishment Office adding Success.', 'Jose Rizal  added an Establishment Office.'),
(838, '2014-02-24 11:18:36', '::1', 'Directory adding Success.', 'Jose Rizal  added a Directory.'),
(839, '2014-02-24 11:23:32', '::1', 'Location adding Success.', 'Jose Rizal  added a Location.'),
(840, '2014-02-24 11:23:32', '::1', 'Establishment Office adding Success.', 'Jose Rizal  added an Establishment Office.'),
(841, '2014-02-24 11:23:32', '::1', 'Directory adding Success.', 'Jose Rizal  added a Directory.'),
(842, '2014-02-24 11:33:08', '::1', 'Location adding Success.', 'Jose Rizal  added a Location.'),
(843, '2014-02-24 11:33:08', '::1', 'Establishment Office adding Success.', 'Jose Rizal  added an Establishment Office.'),
(844, '2014-02-24 11:33:08', '::1', 'Directory adding Success.', 'Jose Rizal  added a Directory.'),
(845, '2014-02-24 11:34:00', '::1', 'Location adding Success.', 'Jose Rizal  added a Location.'),
(846, '2014-02-24 11:34:00', '::1', 'Establishment Office adding Success.', 'Jose Rizal  added an Establishment Office.'),
(847, '2014-02-24 11:34:00', '::1', 'Directory adding Success.', 'Jose Rizal  added a Directory.'),
(848, '2014-02-24 11:34:49', '::1', 'Location adding Success.', 'Jose Rizal  added a Location.'),
(849, '2014-02-24 11:34:49', '::1', 'Establishment Office adding Success.', 'Jose Rizal  added an Establishment Office.'),
(850, '2014-02-24 11:34:49', '::1', 'Directory adding Success.', 'Jose Rizal  added a Directory.'),
(851, '2014-02-24 11:36:02', '::1', 'Location adding Success.', 'Jose Rizal  added a Location.'),
(852, '2014-02-24 11:36:03', '::1', 'Establishment Office adding Success.', 'Jose Rizal  added an Establishment Office.'),
(853, '2014-02-24 11:36:03', '::1', 'Directory adding Success.', 'Jose Rizal  added a Directory.'),
(854, '2014-02-24 11:38:14', '::1', 'Location adding Success.', 'Jose Rizal  added a Location.'),
(855, '2014-02-24 11:38:14', '::1', 'Establishment Office adding Success.', 'Jose Rizal  added an Establishment Office.'),
(856, '2014-02-24 11:38:14', '::1', 'Directory adding Success.', 'Jose Rizal  added a Directory.'),
(857, '2014-02-24 11:38:50', '::1', 'Location adding Success.', 'Jose Rizal  added a Location.'),
(858, '2014-02-24 11:38:50', '::1', 'Establishment Office adding Success.', 'Jose Rizal  added an Establishment Office.'),
(859, '2014-02-24 11:38:50', '::1', 'Directory adding Success.', 'Jose Rizal  added a Directory.'),
(860, '2014-02-24 11:39:03', '::1', 'Location adding Success.', 'Jose Rizal  added a Location.'),
(861, '2014-02-24 11:39:03', '::1', 'Establishment Office adding Success.', 'Jose Rizal  added an Establishment Office.'),
(862, '2014-02-24 11:39:03', '::1', 'Directory adding Success.', 'Jose Rizal  added a Directory.'),
(863, '2014-02-24 11:39:42', '::1', 'Contact deleting Success.', 'Jose Rizal  deleted a Contact information.'),
(864, '2014-02-24 11:39:46', '::1', 'Contact deleting Success.', 'Jose Rizal  deleted a Contact information.'),
(865, '2014-02-24 11:39:48', '::1', 'Contact deleting Success.', 'Jose Rizal  deleted a Contact information.'),
(866, '2014-02-24 11:39:51', '::1', 'Contact deleting Success.', 'Jose Rizal  deleted a Contact information.'),
(867, '2014-02-24 11:39:53', '::1', 'Contact deleting Success.', 'Jose Rizal  deleted a Contact information.'),
(868, '2014-02-24 11:39:54', '::1', 'Contact deleting Success.', 'Jose Rizal  deleted a Contact information.'),
(869, '2014-02-24 11:39:56', '::1', 'Contact deleting Success.', 'Jose Rizal  deleted a Contact information.'),
(870, '2014-02-24 11:39:57', '::1', 'Contact deleting Success.', 'Jose Rizal  deleted a Contact information.'),
(871, '2014-02-24 11:39:58', '::1', 'Contact deleting Success.', 'Jose Rizal  deleted a Contact information.'),
(872, '2014-02-24 11:39:59', '::1', 'Contact deleting Success.', 'Jose Rizal  deleted a Contact information.'),
(873, '2014-02-24 11:40:01', '::1', 'Contact deleting Success.', 'Jose Rizal  deleted a Contact information.'),
(874, '2014-02-24 15:38:31', '::1', 'Directory adding Success.', 'Jose Rizal  added a Directory.'),
(875, '2014-02-24 15:39:20', '::1', 'Contact deleting Success.', 'Jose Rizal  deleted a Contact information.'),
(876, '2014-02-24 15:39:33', '::1', 'Directory adding Success.', 'Jose Rizal  added a Directory.'),
(877, '2014-02-24 15:39:53', '::1', 'Contact deleting Success.', 'Jose Rizal  deleted a Contact information.'),
(878, '2014-02-24 15:40:05', '::1', 'Directory adding Success.', 'Jose Rizal  added a Directory.'),
(879, '2014-02-24 15:40:30', '::1', 'Contact deleting Success.', 'Jose Rizal  deleted a Contact information.'),
(880, '2014-02-24 15:40:54', '::1', 'Directory adding Success.', 'Jose Rizal  added a Directory.'),
(881, '2014-02-24 15:43:29', '::1', 'Contact deleting Success.', 'Jose Rizal  deleted a Contact information.'),
(882, '2014-02-24 15:43:46', '::1', 'Directory adding Success.', 'Jose Rizal  added a Directory.'),
(883, '2014-02-24 15:44:24', '::1', 'Contact deleting Success.', 'Jose Rizal  deleted a Contact information.'),
(884, '2014-02-24 15:44:32', '::1', 'Directory adding Success.', 'Jose Rizal  added a Directory.'),
(885, '2014-02-24 15:44:45', '::1', 'Contact deleting Success.', 'Jose Rizal  deleted a Contact information.'),
(886, '2014-02-24 15:45:28', '::1', 'Directory adding Success.', 'Jose Rizal  added a Directory.'),
(887, '2014-02-24 15:45:45', '::1', 'Contact deleting Success.', 'Jose Rizal  deleted a Contact information.'),
(888, '2014-02-24 15:46:08', '::1', 'Directory adding Success.', 'Jose Rizal  added a Directory.'),
(889, '2014-02-24 15:46:27', '::1', 'Contact deleting Success.', 'Jose Rizal  deleted a Contact information.'),
(890, '2014-02-24 15:46:51', '::1', 'Directory adding Success.', 'Jose Rizal  added a Directory.'),
(891, '2014-02-24 15:47:05', '::1', 'Contact deleting Success.', 'Jose Rizal  deleted a Contact information.'),
(892, '2014-02-24 15:47:13', '::1', 'Directory adding Success.', 'Jose Rizal  added a Directory.'),
(893, '2014-02-24 15:47:43', '::1', 'Contact deleting Success.', 'Jose Rizal  deleted a Contact information.'),
(894, '2014-02-24 15:47:58', '::1', 'Directory adding Success.', 'Jose Rizal  added a Directory.'),
(895, '2014-02-24 15:49:21', '::1', 'Contact deleting Success.', 'Jose Rizal  deleted a Contact information.'),
(896, '2014-02-24 15:51:57', '::1', 'Directory adding Success.', 'Jose Rizal  added a Directory.'),
(897, '2014-02-24 16:33:17', '::1', 'Contact deleting Success.', 'Jose Rizal  deleted a Contact information.'),
(898, '2014-02-24 16:35:16', '::1', 'Directory adding Success.', 'Jose Rizal  added a Directory.'),
(899, '2014-02-24 16:35:32', '::1', 'Contact deleting Success.', 'Jose Rizal  deleted a Contact information.'),
(900, '2014-02-24 16:35:56', '::1', 'Directory adding Success.', 'Jose Rizal  added a Directory.'),
(901, '2014-02-24 16:36:14', '::1', 'Contact deleting Success.', 'Jose Rizal  deleted a Contact information.'),
(902, '2014-02-24 16:37:24', '::1', 'Directory adding Success.', 'Jose Rizal  added a Directory.'),
(903, '2014-02-24 16:39:29', '::1', 'Contact deleting Success.', 'Jose Rizal  deleted a Contact information.'),
(904, '2014-02-24 16:39:44', '::1', 'Directory adding Success.', 'Jose Rizal  added a Directory.'),
(905, '2014-02-24 16:40:41', '::1', 'Contact deleting Success.', 'Jose Rizal  deleted a Contact information.'),
(906, '2014-02-24 16:40:53', '::1', 'Directory adding Success.', 'Jose Rizal  added a Directory.'),
(907, '2014-02-24 16:42:06', '::1', 'Contact deleting Success.', 'Jose Rizal  deleted a Contact information.'),
(908, '2014-02-24 16:42:28', '::1', 'Directory adding Success.', 'Jose Rizal  added a Directory.'),
(909, '2014-02-24 16:43:13', '::1', 'Contact deleting Success.', 'Jose Rizal  deleted a Contact information.'),
(910, '2014-02-24 16:43:17', '::1', 'Directory adding Success.', 'Jose Rizal  added a Directory.'),
(911, '2014-02-24 16:46:59', '::1', 'Contact deleting Success.', 'Jose Rizal  deleted a Contact information.'),
(912, '2014-02-24 16:47:11', '::1', 'Directory adding Success.', 'Jose Rizal  added a Directory.'),
(913, '2014-02-24 16:48:45', '::1', 'Contact deleting Success.', 'Jose Rizal  deleted a Contact information.'),
(914, '2014-02-24 16:49:15', '::1', 'Directory adding Success.', 'Jose Rizal  added a Directory.'),
(915, '2014-02-24 16:51:30', '::1', 'Location adding Success.', 'Jose Rizal  added a Location.'),
(916, '2014-02-24 16:51:30', '::1', 'Establishment Office adding Success.', 'Jose Rizal  added an Establishment Office.'),
(917, '2014-02-24 16:51:30', '::1', 'Directory adding Success.', 'Jose Rizal  added a Directory.'),
(918, '2014-02-24 17:02:18', '::1', 'Directory deletion Success.', 'Jose Rizal  deleted a directory.'),
(919, '2014-02-24 17:02:18', '::1', 'Establishment deletion Success.', 'Jose Rizal  deleted an Establishment.'),
(920, '2014-02-24 17:02:18', '::1', 'Location deletion Success.', 'Jose Rizal  deleted a Location.'),
(921, '2014-02-24 17:02:44', '::1', 'Directory deletion Success.', 'Jose Rizal  deleted a directory.'),
(922, '2014-02-24 17:02:44', '::1', 'Establishment deletion Success.', 'Jose Rizal  deleted an Establishment.'),
(923, '2014-02-24 17:02:44', '::1', 'Location deletion Success.', 'Jose Rizal  deleted a Location.'),
(924, '2014-02-24 17:03:38', '::1', 'Contact deleting Success.', 'Jose Rizal  deleted a Contact information.'),
(925, '2014-02-24 17:04:12', '::1', 'Directory adding Success.', 'Jose Rizal  added a Directory.'),
(926, '2014-02-24 17:04:22', '::1', 'Location adding Success.', 'Jose Rizal  added a Location.'),
(927, '2014-02-24 17:04:22', '::1', 'Establishment Office adding Success.', 'Jose Rizal  added an Establishment Office.'),
(928, '2014-02-24 17:04:22', '::1', 'Directory Editing Success.', 'Jose Rizal  edited a Directory.'),
(929, '2014-02-24 17:05:01', '::1', 'Directory deletion Success.', 'Jose Rizal  deleted a directory.'),
(930, '2014-02-24 17:05:01', '::1', 'Establishment deletion Success.', 'Jose Rizal  deleted an Establishment.'),
(931, '2014-02-24 17:05:01', '::1', 'Location deletion Success.', 'Jose Rizal  deleted a Location.'),
(932, '2014-02-24 17:15:13', '::1', 'Directory adding Success.', 'Jose Rizal  added a Directory.'),
(933, '2014-02-24 17:15:40', '::1', 'Location adding Success.', 'Jose Rizal  added a Location.'),
(934, '2014-02-24 17:15:40', '::1', 'Establishment Office adding Success.', 'Jose Rizal  added an Establishment Office.'),
(935, '2014-02-24 17:15:41', '::1', 'Directory Editing Success.', 'Jose Rizal  edited a Directory.'),
(936, '2014-02-24 17:34:02', '::1', 'Directory deletion Success.', 'Jose Rizal  deleted a directory.'),
(937, '2014-02-24 17:34:02', '::1', 'Establishment deletion Success.', 'Jose Rizal  deleted an Establishment.'),
(938, '2014-02-24 17:34:03', '::1', 'Location deletion Success.', 'Jose Rizal  deleted a Location.'),
(939, '2014-02-24 17:34:21', '::1', 'Directory adding Success.', 'Jose Rizal  added a Directory.'),
(940, '2014-02-24 17:34:49', '::1', 'Location adding Success.', 'Jose Rizal  added a Location.'),
(941, '2014-02-24 17:34:49', '::1', 'Establishment Office adding Success.', 'Jose Rizal  added an Establishment Office.'),
(942, '2014-02-24 17:34:49', '::1', 'Directory Editing Success.', 'Jose Rizal  edited a Directory.'),
(943, '2014-02-24 17:35:16', '::1', 'Directory deletion Success.', 'Jose Rizal  deleted a directory.'),
(944, '2014-02-24 17:35:17', '::1', 'Establishment deletion Success.', 'Jose Rizal  deleted an Establishment.'),
(945, '2014-02-24 17:35:17', '::1', 'Location deletion Success.', 'Jose Rizal  deleted a Location.'),
(946, '2014-02-24 17:36:10', '::1', 'Directory adding Success.', 'Jose Rizal  added a Directory.'),
(947, '2014-02-24 17:36:15', '::1', 'Location adding Success.', 'Jose Rizal  added a Location.'),
(948, '2014-02-24 17:36:15', '::1', 'Establishment Office adding Success.', 'Jose Rizal  added an Establishment Office.'),
(949, '2014-02-24 17:36:15', '::1', 'Directory Editing Success.', 'Jose Rizal  edited a Directory.'),
(950, '2014-02-24 17:36:28', '::1', 'Directory deletion Success.', 'Jose Rizal  deleted a directory.'),
(951, '2014-02-24 17:36:28', '::1', 'Establishment deletion Success.', 'Jose Rizal  deleted an Establishment.'),
(952, '2014-02-24 17:36:28', '::1', 'Location deletion Success.', 'Jose Rizal  deleted a Location.'),
(953, '2014-02-24 17:37:14', '::1', 'Directory adding Success.', 'Jose Rizal  added a Directory.'),
(954, '2014-02-24 17:37:20', '::1', 'Location adding Success.', 'Jose Rizal  added a Location.'),
(955, '2014-02-24 17:37:20', '::1', 'Establishment Office adding Success.', 'Jose Rizal  added an Establishment Office.'),
(956, '2014-02-24 17:37:20', '::1', 'Directory Editing Success.', 'Jose Rizal  edited a Directory.'),
(957, '2014-02-24 17:37:35', '::1', 'Directory deletion Success.', 'Jose Rizal  deleted a directory.'),
(958, '2014-02-24 17:37:35', '::1', 'Establishment deletion Success.', 'Jose Rizal  deleted an Establishment.'),
(959, '2014-02-24 17:37:36', '::1', 'Location deletion Success.', 'Jose Rizal  deleted a Location.'),
(960, '2014-02-24 17:37:58', '::1', 'Directory deletion Success.', 'Jose Rizal  deleted a directory.'),
(961, '2014-02-24 17:37:58', '::1', 'Establishment deletion Success.', 'Jose Rizal  deleted an Establishment.'),
(962, '2014-02-24 17:37:59', '::1', 'Location deletion Success.', 'Jose Rizal  deleted a Location.'),
(963, '2014-02-24 17:40:05', '::1', 'Directory adding Success.', 'Jose Rizal  added a Directory.'),
(964, '2014-02-24 17:40:11', '::1', 'Location adding Success.', 'Jose Rizal  added a Location.'),
(965, '2014-02-24 17:40:11', '::1', 'Establishment Office adding Success.', 'Jose Rizal  added an Establishment Office.'),
(966, '2014-02-24 17:40:11', '::1', 'Directory Editing Success.', 'Jose Rizal  edited a Directory.'),
(967, '2014-02-24 17:48:17', '::1', 'Directory deletion Success.', 'Jose Rizal  deleted a directory.'),
(968, '2014-02-24 17:48:17', '::1', 'Establishment deletion Success.', 'Jose Rizal  deleted an Establishment.'),
(969, '2014-02-24 17:48:17', '::1', 'Location deletion Success.', 'Jose Rizal  deleted a Location.'),
(970, '2014-02-24 18:15:47', '::1', 'Directory adding Success.', 'Jose Rizal  added a Directory.'),
(971, '2014-02-24 18:19:19', '::1', 'Directory adding Success.', 'Jose Rizal  added a Directory.'),
(972, '2014-02-24 18:27:50', '::1', 'Contact deleting Success.', 'Jose Rizal  deleted a Contact information.'),
(973, '2014-02-24 18:27:51', '::1', 'Contact deleting Success.', 'Jose Rizal  deleted a Contact information.'),
(974, '2014-02-24 18:40:15', '::1', 'Directory adding Success.', 'Jose Rizal  added a Directory.'),
(975, '2014-02-24 18:40:25', '::1', 'Contact deleting Success.', 'Jose Rizal  deleted a Contact information.'),
(976, '2014-02-24 18:40:34', '::1', 'Directory adding Success.', 'Jose Rizal  added a Directory.'),
(977, '2014-02-24 18:41:21', '::1', 'Contact deleting Success.', 'Jose Rizal  deleted a Contact information.'),
(978, '2014-02-24 18:41:41', '::1', 'Directory adding Success.', 'Jose Rizal  added a Directory.'),
(979, '2014-02-24 18:42:02', '::1', 'Contact deleting Success.', 'Jose Rizal  deleted a Contact information.'),
(980, '2014-02-24 18:45:57', '::1', 'Directory adding Success.', 'Jose Rizal  added a Directory.'),
(981, '2014-02-24 18:46:26', '::1', 'Contact deleting Success.', 'Jose Rizal  deleted a Contact information.'),
(982, '2014-02-24 18:46:39', '::1', 'Directory adding Success.', 'Jose Rizal  added a Directory.'),
(983, '2014-02-24 18:46:52', '::1', 'Location adding Success.', 'Jose Rizal  added a Location.'),
(984, '2014-02-24 18:46:52', '::1', 'Establishment Office adding Success.', 'Jose Rizal  added an Establishment Office.'),
(985, '2014-02-24 18:46:52', '::1', 'Directory Editing Success.', 'Jose Rizal  edited a Directory.'),
(986, '2014-02-24 18:48:04', '::1', 'Directory adding Success.', 'Jose Rizal  added a Directory.'),
(987, '2014-02-24 18:48:36', '::1', 'Location adding Success.', 'Jose Rizal  added a Location.'),
(988, '2014-02-24 18:48:36', '::1', 'Establishment Office adding Success.', 'Jose Rizal  added an Establishment Office.'),
(989, '2014-02-24 18:48:36', '::1', 'Directory Editing Success.', 'Jose Rizal  edited a Directory.'),
(990, '2014-02-24 18:50:37', '::1', 'Contact deleting Success.', 'Jose Rizal  deleted a Contact information.'),
(991, '2014-02-24 18:50:38', '::1', 'Contact deleting Success.', 'Jose Rizal  deleted a Contact information.'),
(992, '2014-02-24 18:52:13', '::1', 'Directory adding Success.', 'Jose Rizal  added a Directory.'),
(993, '2014-02-24 18:55:08', '::1', 'Contact deleting Success.', 'Jose Rizal  deleted a Contact information.'),
(994, '2014-02-24 18:55:47', '::1', 'Directory adding Success.', 'Jose Rizal  added a Directory.'),
(995, '2014-02-24 18:56:06', '::1', 'Contact deleting Success.', 'Jose Rizal  deleted a Contact information.'),
(996, '2014-02-24 18:56:18', '::1', 'Directory adding Success.', 'Jose Rizal  added a Directory.'),
(997, '2014-02-24 19:03:37', '::1', 'Directory deletion Success.', 'Jose Rizal  deleted a directory.'),
(998, '2014-02-24 19:18:11', '::1', 'Directory adding Success.', 'Jose Rizal  added a Directory.'),
(999, '2014-02-24 19:18:16', '::1', 'Location adding Success.', 'Jose Rizal  added a Location.'),
(1000, '2014-02-24 19:18:16', '::1', 'Establishment Office adding Success.', 'Jose Rizal  added an Establishment Office.'),
(1001, '2014-02-24 19:18:17', '::1', 'Directory Editing Success.', 'Jose Rizal  edited a Directory.'),
(1002, '2014-02-25 01:31:55', '::1', 'Directory deletion Success.', 'Jose Rizal  deleted a directory.'),
(1003, '2014-02-25 01:40:06', '::1', 'Directory adding Success.', 'Jose Rizal  added a Directory.'),
(1004, '2014-02-25 01:40:16', '::1', 'Location adding Success.', 'Jose Rizal  added a Location.'),
(1005, '2014-02-25 01:40:16', '::1', 'Establishment Office adding Success.', 'Jose Rizal  added an Establishment Office.'),
(1006, '2014-02-25 01:40:16', '::1', 'Directory Editing Success.', 'Jose Rizal  edited a Directory.'),
(1007, '2014-02-25 01:40:29', '::1', 'Directory deletion Success.', 'Jose Rizal  deleted a directory.'),
(1008, '2014-02-25 14:29:54', '::1', 'Directory adding Success.', 'Jose Rizal  added a Directory.'),
(1009, '2014-02-25 14:30:10', '::1', 'Directory deletion Success.', 'Jose Rizal  deleted a directory.'),
(1010, '2014-02-25 16:05:25', '::1', 'Directory deletion Success.', 'Jose Rizal  deleted a directory.'),
(1011, '2014-02-25 16:05:27', '::1', 'Directory deletion Success.', 'Jose Rizal  deleted a directory.'),
(1012, '2014-02-25 16:05:30', '::1', 'Directory deletion Success.', 'Jose Rizal  deleted a directory.'),
(1013, '2014-02-26 18:00:39', '::1', 'Directory adding Success.', 'Jose Rizal  added a Directory.'),
(1014, '2014-02-26 18:01:44', '::1', 'Directory deletion Success.', 'Jose Rizal  deleted a directory.'),
(1015, '2014-02-26 18:01:57', '::1', 'Directory adding Success.', 'Jose Rizal  added a Directory.'),
(1016, '2014-02-26 18:02:53', '::1', 'Agency adding Success.', 'Jose Rizal  added an Agency.'),
(1017, '2014-02-26 18:03:18', '::1', 'Directory adding Success.', 'Jose Rizal  added a Directory.'),
(1018, '2014-02-26 18:04:04', '::1', 'Agency deletion Success.', 'Jose Rizal  deleted an Agency.'),
(1019, '2014-02-26 18:04:06', '::1', 'Agency deletion Success.', 'Jose Rizal  deleted an Agency.'),
(1020, '2014-02-26 18:04:11', '::1', 'Directory deletion Success.', 'Jose Rizal  deleted a directory.'),
(1021, '2014-02-26 18:04:14', '::1', 'Directory deletion Success.', 'Jose Rizal  deleted a directory.'),
(1022, '2014-02-26 18:15:35', '::1', 'Agency adding Success.', 'Jose Rizal  added an Agency.'),
(1023, '2014-02-26 18:16:03', '::1', 'Directory adding Success.', 'Jose Rizal  added a Directory.'),
(1024, '2014-02-26 18:18:21', '::1', 'Directory deletion Success.', 'Jose Rizal  deleted a directory.'),
(1025, '2014-02-26 18:18:26', '::1', 'Directory adding Success.', 'Jose Rizal  added a Directory.'),
(1026, '2014-02-26 18:19:10', '::1', 'Directory deletion Success.', 'Jose Rizal  deleted a directory.'),
(1027, '2014-02-26 18:19:18', '::1', 'Directory adding Success.', 'Jose Rizal  added a Directory.'),
(1028, '2014-02-26 18:19:51', '::1', 'Directory deletion Success.', 'Jose Rizal  deleted a directory.'),
(1029, '2014-02-26 18:20:05', '::1', 'Directory adding Success.', 'Jose Rizal  added a Directory.'),
(1030, '2014-02-26 18:20:11', '::1', 'Directory deletion Success.', 'Jose Rizal  deleted a directory.'),
(1031, '2014-02-26 18:20:31', '::1', 'Directory adding Success.', 'Jose Rizal  added a Directory.'),
(1032, '2014-02-26 18:20:42', '::1', 'Directory deletion Success.', 'Jose Rizal  deleted a directory.'),
(1033, '2014-02-26 18:20:52', '::1', 'Agency deletion Success.', 'Jose Rizal  deleted an Agency.'),
(1034, '2014-02-26 18:21:03', '::1', 'Agency adding Success.', 'Jose Rizal  added an Agency.'),
(1035, '2014-02-26 18:21:18', '::1', 'Directory adding Success.', 'Jose Rizal  added a Directory.'),
(1036, '2014-02-26 18:22:10', '::1', 'Directory deletion Success.', 'Jose Rizal  deleted a directory.'),
(1037, '2014-02-26 18:22:15', '::1', 'Agency deletion Success.', 'Jose Rizal  deleted an Agency.'),
(1038, '2014-02-26 18:22:37', '::1', 'Agency adding Success.', 'Jose Rizal  added an Agency.'),
(1039, '2014-02-26 18:22:48', '::1', 'Directory adding Success.', 'Jose Rizal  added a Directory.'),
(1040, '2014-02-26 18:23:02', '::1', 'Directory deletion Success.', 'Jose Rizal  deleted a directory.'),
(1041, '2014-02-26 18:23:06', '::1', 'Agency deletion Success.', 'Jose Rizal  deleted an Agency.'),
(1042, '2014-02-26 18:23:31', '::1', 'Agency adding Success.', 'Jose Rizal  added an Agency.'),
(1043, '2014-02-26 18:24:26', '::1', 'Directory adding Success.', 'Jose Rizal  added a Directory.'),
(1044, '2014-02-26 18:25:03', '::1', 'Agency adding Success.', 'Jose Rizal  added an Agency.'),
(1045, '2014-02-26 18:25:18', '::1', 'Agency deletion Success.', 'Jose Rizal  deleted an Agency.'),
(1046, '2014-02-26 18:25:30', '::1', 'Agency adding Success.', 'Jose Rizal  added an Agency.'),
(1047, '2014-02-26 18:25:55', '::1', 'Directory adding Success.', 'Jose Rizal  added a Directory.'),
(1048, '2014-02-26 18:26:32', '::1', 'Directory adding Success.', 'Jose Rizal  added a Directory.'),
(1049, '2014-02-26 18:27:34', '::1', 'Directory deletion Success.', 'Jose Rizal  deleted a directory.'),
(1050, '2014-02-26 18:27:36', '::1', 'Directory deletion Success.', 'Jose Rizal  deleted a directory.'),
(1051, '2014-02-26 18:27:38', '::1', 'Directory deletion Success.', 'Jose Rizal  deleted a directory.'),
(1052, '2014-02-26 18:27:45', '::1', 'Directory adding Success.', 'Jose Rizal  added a Directory.'),
(1053, '2014-02-26 18:28:21', '::1', 'Agency adding Success.', 'Jose Rizal  added an Agency.'),
(1054, '2014-02-26 18:28:34', '::1', 'Directory adding Success.', 'Jose Rizal  added a Directory.'),
(1055, '2014-02-26 18:33:57', '::1', 'Directory adding Success.', 'Jose Rizal  added a Directory.'),
(1056, '2014-02-26 18:34:35', '::1', 'Directory deletion Success.', 'Jose Rizal  deleted a directory.'),
(1057, '2014-02-26 18:34:37', '::1', 'Directory deletion Success.', 'Jose Rizal  deleted a directory.'),
(1058, '2014-02-26 18:34:38', '::1', 'Directory deletion Success.', 'Jose Rizal  deleted a directory.'),
(1059, '2014-02-26 18:34:49', '::1', 'Directory adding Success.', 'Jose Rizal  added a Directory.'),
(1060, '2014-02-26 18:45:10', '::1', 'Directory deletion Success.', 'Jose Rizal  deleted a directory.'),
(1061, '2014-02-26 18:45:18', '::1', 'Agency deletion Success.', 'Jose Rizal  deleted an Agency.'),
(1062, '2014-02-26 18:45:19', '::1', 'Agency deletion Success.', 'Jose Rizal  deleted an Agency.'),
(1063, '2014-02-26 18:45:21', '::1', 'Agency deletion Success.', 'Jose Rizal  deleted an Agency.'),
(1064, '2014-02-26 18:45:58', '::1', 'Agency adding Success.', 'Jose Rizal  added an Agency.'),
(1065, '2014-02-26 18:46:06', '::1', 'Directory adding Success.', 'Jose Rizal  added a Directory.'),
(1066, '2014-02-26 18:47:15', '::1', 'Directory deletion Success.', 'Jose Rizal  deleted a directory.'),
(1067, '2014-02-26 18:47:21', '::1', 'Agency deletion Success.', 'Jose Rizal  deleted an Agency.'),
(1068, '2014-02-26 18:49:48', '::1', 'Agency adding Success.', 'Jose Rizal  added an Agency.'),
(1069, '2014-02-26 18:49:58', '::1', 'Directory adding Success.', 'Jose Rizal  added a Directory.'),
(1070, '2014-02-26 18:50:48', '::1', 'Directory deletion Success.', 'Jose Rizal  deleted a directory.'),
(1071, '2014-02-26 18:50:52', '::1', 'Agency deletion Success.', 'Jose Rizal  deleted an Agency.'),
(1072, '2014-02-26 18:51:18', '::1', 'Agency adding Success.', 'Jose Rizal  added an Agency.'),
(1073, '2014-02-26 18:51:28', '::1', 'Directory adding Success.', 'Jose Rizal  added a Directory.'),
(1074, '2014-02-26 18:52:28', '::1', 'Directory deletion Success.', 'Jose Rizal  deleted a directory.'),
(1075, '2014-02-26 18:52:55', '::1', 'Agency deletion Success.', 'Jose Rizal  deleted an Agency.'),
(1076, '2014-02-26 18:54:52', '::1', 'Agency adding Success.', 'Jose Rizal  added an Agency.'),
(1077, '2014-02-26 18:55:01', '::1', 'Directory adding Success.', 'Jose Rizal  added a Directory.'),
(1078, '2014-02-26 18:55:51', '::1', 'Directory deletion Success.', 'Jose Rizal  deleted a directory.'),
(1079, '2014-02-26 18:55:57', '::1', 'Agency deletion Success.', 'Jose Rizal  deleted an Agency.'),
(1080, '2014-02-26 18:56:32', '::1', 'Agency adding Success.', 'Jose Rizal  added an Agency.'),
(1081, '2014-02-26 18:56:40', '::1', 'Directory adding Success.', 'Jose Rizal  added a Directory.'),
(1082, '2014-02-26 18:57:17', '::1', 'Agency deletion Success.', 'Jose Rizal  deleted an Agency.'),
(1083, '2014-02-26 18:57:21', '::1', 'Directory deletion Success.', 'Jose Rizal  deleted a directory.'),
(1084, '2014-02-26 19:09:06', '::1', 'Agency adding Success.', 'Jose Rizal  added an Agency.'),
(1085, '2014-02-26 19:09:34', '::1', 'Directory adding Success.', 'Jose Rizal  added a Directory.'),
(1086, '2014-02-26 19:19:40', '::1', 'Agency adding Success.', 'Jose Rizal  added an Agency.'),
(1087, '2014-02-26 19:20:01', '::1', 'Directory adding Success.', 'Jose Rizal  added a Directory.'),
(1088, '2014-02-26 20:43:12', '::1', 'Directory deletion Success.', 'Jose Rizal  deleted a directory.'),
(1089, '2014-02-26 20:43:14', '::1', 'Directory deletion Success.', 'Jose Rizal  deleted a directory.'),
(1090, '2014-02-26 20:43:19', '::1', 'Agency deletion Success.', 'Jose Rizal  deleted an Agency.'),
(1091, '2014-02-26 20:43:21', '::1', 'Agency deletion Success.', 'Jose Rizal  deleted an Agency.'),
(1092, '2014-02-27 10:44:49', '::1', 'Agency adding Success.', 'Jose Rizal  added an Agency.'),
(1093, '2014-02-27 10:45:13', '::1', 'Directory adding Success.', 'Jose Rizal  added a Directory.'),
(1094, '2014-02-27 10:45:37', '::1', 'Location adding Success.', 'Jose Rizal  added a Location.'),
(1095, '2014-02-27 10:45:38', '::1', 'Establishment Office adding Success.', 'Jose Rizal  added an Establishment Office.'),
(1096, '2014-02-27 10:45:38', '::1', 'Directory Editing Success.', 'Jose Rizal  edited a Directory.'),
(1097, '2014-02-27 10:48:52', '::1', 'Directory adding Success.', 'Jose Rizal  added a Directory.'),
(1098, '2014-02-27 10:57:05', '::1', 'Directory deletion Success.', 'Jose Rizal  deleted a directory.'),
(1099, '2014-02-27 10:57:06', '::1', 'Directory deletion Success.', 'Jose Rizal  deleted a directory.'),
(1100, '2014-02-27 11:10:57', '::1', 'Directory adding Success.', 'Jose Rizal  added a Directory.'),
(1101, '2014-02-27 11:11:05', '::1', 'Location adding Success.', 'Jose Rizal  added a Location.'),
(1102, '2014-02-27 11:11:05', '::1', 'Establishment Office adding Success.', 'Jose Rizal  added an Establishment Office.'),
(1103, '2014-02-27 11:11:05', '::1', 'Directory Editing Success.', 'Jose Rizal  edited a Directory.'),
(1104, '2014-02-27 11:42:10', '::1', 'Directory adding Success.', 'Jose Rizal  added a Directory.'),
(1105, '2014-02-27 11:42:14', '::1', 'Location adding Success.', 'Jose Rizal  added a Location.'),
(1106, '2014-02-27 11:42:14', '::1', 'Establishment Office adding Success.', 'Jose Rizal  added an Establishment Office.'),
(1107, '2014-02-27 11:42:14', '::1', 'Directory Editing Success.', 'Jose Rizal  edited a Directory.'),
(1108, '2014-02-27 11:43:55', '::1', 'Directory deletion Success.', 'Jose Rizal  deleted a directory.'),
(1109, '2014-02-27 11:43:56', '::1', 'Directory deletion Success.', 'Jose Rizal  deleted a directory.'),
(1110, '2014-02-27 11:44:00', '::1', 'Agency deletion Success.', 'Jose Rizal  deleted an Agency.'),
(1111, '2014-02-27 11:44:16', '::1', 'Agency adding Success.', 'Jose Rizal  added an Agency.'),
(1112, '2014-02-27 11:44:26', '::1', 'Directory adding Success.', 'Jose Rizal  added a Directory.'),
(1113, '2014-02-27 11:44:32', '::1', 'Location adding Success.', 'Jose Rizal  added a Location.'),
(1114, '2014-02-27 11:44:33', '::1', 'Establishment Office adding Success.', 'Jose Rizal  added an Establishment Office.'),
(1115, '2014-02-27 11:44:33', '::1', 'Directory Editing Success.', 'Jose Rizal  edited a Directory.'),
(1116, '2014-02-27 11:51:29', '::1', 'Directory deletion Success.', 'Jose Rizal  deleted a directory.'),
(1117, '2014-02-27 11:51:34', '::1', 'Agency deletion Success.', 'Jose Rizal  deleted an Agency.'),
(1118, '2014-02-27 11:51:49', '::1', 'Agency adding Success.', 'Jose Rizal  added an Agency.'),
(1119, '2014-02-27 11:51:59', '::1', 'Directory adding Success.', 'Jose Rizal  added a Directory.'),
(1120, '2014-02-27 11:52:05', '::1', 'Location adding Success.', 'Jose Rizal  added a Location.'),
(1121, '2014-02-27 11:52:05', '::1', 'Establishment Office adding Success.', 'Jose Rizal  added an Establishment Office.'),
(1122, '2014-02-27 11:52:05', '::1', 'Directory Editing Success.', 'Jose Rizal  edited a Directory.'),
(1123, '2014-02-27 12:37:09', '::1', 'Agency deletion Success.', 'Jose Rizal  deleted an Agency.'),
(1124, '2014-02-27 12:41:58', '::1', 'Agency adding Success.', 'Jose Rizal  added an Agency.'),
(1125, '2014-02-27 12:42:58', '::1', 'Agency Editing Success.', 'Jose Rizal  edited an Agency.'),
(1126, '2014-02-27 12:44:17', '::1', 'Agency Editing Success.', 'Jose Rizal  edited an Agency.'),
(1127, '2014-02-27 12:45:02', '::1', 'Directory Editing Success.', 'Jose Rizal  edited a Directory.'),
(1128, '2014-02-27 13:16:07', '::1', 'Directory deletion Success.', 'Jose Rizal  deleted a directory.'),
(1129, '2014-02-27 13:16:20', '::1', 'Directory adding Success.', 'Jose Rizal  added a Directory.'),
(1130, '2014-02-27 13:16:28', '::1', 'Location adding Success.', 'Jose Rizal  added a Location.'),
(1131, '2014-02-27 13:16:29', '::1', 'Establishment Office adding Success.', 'Jose Rizal  added an Establishment Office.'),
(1132, '2014-02-27 13:16:29', '::1', 'Directory Editing Success.', 'Jose Rizal  edited a Directory.'),
(1133, '2014-02-27 13:41:44', '::1', 'Generating authentication code success.', 'Jose Rizal  generated an authentication code.'),
(1134, '2014-02-27 15:25:12', '::1', 'Account adding Success.', 'Jose Rizal  added an account.'),
(1135, '2014-02-27 15:32:39', '::1', 'Directory deletion Success.', 'Jose Rizal  deleted a directory.'),
(1136, '2014-02-27 15:33:01', '::1', 'Directory adding Success.', 'Jose Rizal  added a Directory.'),
(1137, '2014-02-27 21:44:54', '::1', 'Category Editing Success.', 'Jose Rizal  edited a Category.'),
(1138, '2014-02-27 21:44:59', '::1', 'Category Editing Success.', 'Jose Rizal  edited a Category.'),
(1139, '2014-02-27 22:04:56', '::1', 'Agency Editing Success.', 'Jose Rizal  edited an Agency.'),
(1140, '2014-02-27 22:24:56', '::1', 'Agency Editing Success.', 'Jose Rizal  edited an Agency.'),
(1141, '2014-02-27 22:25:04', '::1', 'Agency Editing Success.', 'Jose Rizal  edited an Agency.'),
(1142, '2014-02-27 22:25:35', '::1', 'Agency Editing Success.', 'Jose Rizal  edited an Agency.'),
(1143, '2014-02-27 22:34:47', '::1', 'Agency Editing Success.', 'Jose Rizal  edited an Agency.'),
(1144, '2014-02-27 22:37:37', '::1', 'Directory deletion Success.', 'Jose Rizal  deleted a directory.'),
(1145, '2014-02-27 22:37:44', '::1', 'Directory adding Success.', 'Jose Rizal  added a Directory.'),
(1146, '2014-02-27 22:37:57', '::1', 'Location adding Success.', 'Jose Rizal  added a Location.'),
(1147, '2014-02-27 22:37:57', '::1', 'Establishment Office adding Success.', 'Jose Rizal  added an Establishment Office.'),
(1148, '2014-02-27 22:37:57', '::1', 'Directory Editing Success.', 'Jose Rizal  edited a Directory.'),
(1149, '2014-02-27 23:58:50', '::1', 'Agency Editing Success.', 'Jose Rizal  edited an Agency.'),
(1150, '2014-02-28 09:55:12', '::1', 'Accident type editing Success.', 'Jose Rizal  edited an Accident type.'),
(1151, '2014-02-28 09:55:17', '::1', 'Accident type editing Success.', 'Jose Rizal  edited an Accident type.'),
(1152, '2014-02-28 11:53:56', '::1', 'Accident type editing Success.', 'Jose Rizal  edited an Accident type.'),
(1153, '2014-02-28 11:54:29', '::1', 'Accident type editing Success.', 'Jose Rizal  edited an Accident type.'),
(1154, '2014-02-28 21:04:23', '::1', 'Accident type editing Success.', 'Jose Rizal  edited an Accident type.'),
(1155, '2014-02-28 21:04:29', '::1', 'Accident type editing Success.', 'Jose Rizal  edited an Accident type.'),
(1156, '2014-02-28 21:04:34', '::1', 'Accident type editing Success.', 'Jose Rizal  edited an Accident type.'),
(1157, '2014-02-28 21:08:05', '::1', 'Accident type editing Success.', 'Jose Rizal  edited an Accident type.'),
(1158, '2014-02-28 21:08:28', '::1', 'Accident type editing Success.', 'Jose Rizal  edited an Accident type.'),
(1159, '2014-02-28 21:17:07', '::1', 'Accident type editing Success.', 'Jose Rizal  edited an Accident type.'),
(1160, '2014-02-28 21:22:32', '::1', 'Accident type editing Success.', 'Jose Rizal  edited an Accident type.'),
(1161, '2014-02-28 21:23:43', '::1', 'Accident type editing Success.', 'Jose Rizal  edited an Accident type.'),
(1162, '2014-02-28 21:25:57', '::1', 'Accident type editing Success.', 'Jose Rizal  edited an Accident type.'),
(1163, '2014-02-28 21:26:20', '::1', 'Accident type editing Success.', 'Jose Rizal  edited an Accident type.'),
(1164, '2014-02-28 21:34:27', '::1', 'Accident type editing Success.', 'Jose Rizal  edited an Accident type.');
INSERT INTO `log` (`logID`, `DatePerformed`, `IPAddress`, `action`, `logNotes`) VALUES
(1165, '2014-02-28 21:35:43', '::1', 'Accident type editing Success.', 'Jose Rizal  edited an Accident type.'),
(1166, '2014-02-28 21:36:03', '::1', 'Accident type editing Success.', 'Jose Rizal  edited an Accident type.'),
(1167, '2014-02-28 21:37:33', '::1', 'Accident type editing Success.', 'Jose Rizal  edited an Accident type.'),
(1168, '2014-02-28 21:38:03', '::1', 'Accident type editing Success.', 'Jose Rizal  edited an Accident type.'),
(1169, '2014-02-28 22:41:17', '::1', 'Report confirming Success.', 'Jose Rizal  confirmed a Report.ID: 27'),
(1170, '2014-03-01 22:43:46', '::1', 'Directory Editing Success.', 'Jose Rizal  edited a Directory.'),
(1171, '2014-03-01 22:43:59', '::1', 'Directory Editing Success.', 'Jose Rizal  edited a Directory.'),
(1172, '2014-03-01 22:45:23', '::1', 'Directory Editing Success.', 'Jose Rizal  edited a Directory.'),
(1173, '2014-03-01 22:46:51', '::1', 'Agency Editing Success.', 'Jose Rizal  edited an Agency.'),
(1174, '2014-03-01 22:47:14', '::1', 'Agency Editing Success.', 'Jose Rizal  edited an Agency.'),
(1175, '2014-03-01 22:47:20', '::1', 'Agency Editing Success.', 'Jose Rizal  edited an Agency.'),
(1176, '2014-03-01 22:47:25', '::1', 'Agency Editing Success.', 'Jose Rizal  edited an Agency.'),
(1177, '2014-03-01 22:52:52', '::1', 'Directory deletion Success.', 'Jose Rizal  deleted a directory.'),
(1178, '2014-03-01 22:53:41', '::1', 'Agency adding Success.', 'Jose Rizal  added an Agency.'),
(1179, '2014-03-01 22:56:29', '::1', 'Agency Editing Success.', 'Jose Rizal  edited an Agency.'),
(1180, '2014-03-01 22:57:56', '::1', 'Agency Editing Success.', 'Jose Rizal  edited an Agency.'),
(1181, '2014-03-01 22:58:53', '::1', 'Directory adding Success.', 'Jose Rizal  added a Directory.'),
(1182, '2014-03-01 22:59:21', '::1', 'Location adding Success.', 'Jose Rizal  added a Location.'),
(1183, '2014-03-01 22:59:21', '::1', 'Establishment Office adding Success.', 'Jose Rizal  added an Establishment Office.'),
(1184, '2014-03-01 22:59:21', '::1', 'Directory Editing Success.', 'Jose Rizal  edited a Directory.'),
(1185, '2014-03-01 23:26:30', '::1', 'Accident type adding Success.', 'Jose Rizal  added an accident type.'),
(1186, '2014-03-01 23:26:35', '::1', 'Accident type deleting Success.', 'Jose Rizal  deleted an Accident type.'),
(1187, '2014-03-01 23:26:41', '::1', 'Accident type adding Success.', 'Jose Rizal  added an accident type.'),
(1188, '2014-03-01 23:26:44', '::1', 'Accident type deleting Success.', 'Jose Rizal  deleted an Accident type.'),
(1189, '2014-03-01 23:27:36', '::1', 'Accident type adding Success.', 'Jose Rizal  added an accident type.'),
(1190, '2014-03-01 23:27:54', '::1', 'Accident type deleting Success.', 'Jose Rizal  deleted an Accident type.'),
(1191, '2014-03-01 23:32:05', '::1', 'Province adding Success.', 'Jose Rizal  added a province.'),
(1192, '2014-03-01 23:32:09', '::1', 'Province deleting Success.', 'Jose Rizal  deleted a Province.'),
(1193, '2014-03-01 23:32:31', '::1', 'Province adding Success.', 'Jose Rizal  added a province.'),
(1194, '2014-03-01 23:32:39', '::1', 'Province deleting Success.', 'Jose Rizal  deleted a Province.'),
(1195, '2014-03-01 23:33:01', '::1', 'Province adding Success.', 'Jose Rizal  added a province.'),
(1196, '2014-03-01 23:33:04', '::1', 'Province deleting Success.', 'Jose Rizal  deleted a Province.'),
(1197, '2014-03-01 23:54:44', '::1', 'Account adding Success.', 'Jose Rizal  added an account.'),
(1198, '2014-03-01 23:58:06', '::1', 'Province editing Success.', 'Jose Rizal  edited a Province.'),
(1199, '2014-03-01 23:58:09', '::1', 'Province editing Success.', 'Jose Rizal  edited a Province.'),
(1200, '2014-03-02 13:38:30', '::1', 'Directory Editing Success.', 'Jose Rizal  edited a Directory.'),
(1201, '2014-03-02 13:38:36', '::1', 'Directory Editing Success.', 'Jose Rizal  edited a Directory.'),
(1202, '2014-03-02 13:38:44', '::1', 'Directory deletion Success.', 'Jose Rizal  deleted a directory.'),
(1203, '2014-03-02 14:24:59', '::1', 'Barangay adding Success.', 'Jose Rizal  added a barangay.'),
(1204, '2014-03-02 14:25:27', '::1', 'Barangay adding Success.', 'Jose Rizal  added a barangay.'),
(1205, '2014-03-02 14:26:55', '::1', 'Barangay Deletion Success.', 'Jose Rizal  deleted a Barangay.'),
(1206, '2014-03-02 14:26:58', '::1', 'Barangay Deletion Success.', 'Jose Rizal  deleted a Barangay.'),
(1207, '2014-03-02 14:31:33', '::1', 'Barangay adding Success.', 'Jose Rizal  added a barangay.'),
(1208, '2014-03-02 14:33:42', '::1', 'Barangay Deletion Success.', 'Jose Rizal  deleted a Barangay.'),
(1209, '2014-03-02 14:33:55', '::1', 'Barangay adding Success.', 'Jose Rizal  added a barangay.'),
(1210, '2014-03-02 14:35:34', '::1', 'Barangay Deletion Success.', 'Jose Rizal  deleted a Barangay.'),
(1211, '2014-03-02 14:36:31', '::1', 'Barangay adding Success.', 'Jose Rizal  added a barangay.'),
(1212, '2014-03-02 14:36:46', '::1', 'Barangay adding Success.', 'Jose Rizal  added a barangay.'),
(1213, '2014-03-02 14:40:12', '::1', 'Barangay Deletion Success.', 'Jose Rizal  deleted a Barangay.'),
(1214, '2014-03-02 14:40:14', '::1', 'Barangay Deletion Success.', 'Jose Rizal  deleted a Barangay.'),
(1215, '2014-03-02 14:40:37', '::1', 'Barangay adding Success.', 'Jose Rizal  added a barangay.'),
(1216, '2014-03-02 14:41:04', '::1', 'Barangay Deletion Success.', 'Jose Rizal  deleted a Barangay.'),
(1217, '2014-03-02 16:17:31', '::1', 'Agency adding Success.', 'Jose Rizal  added an Agency.'),
(1218, '2014-03-02 16:17:40', '::1', 'Agency deletion Success.', 'Jose Rizal  deleted an Agency.'),
(1219, '2014-03-02 16:34:37', '::1', 'Category Editing Success.', 'Jose Rizal  edited a Category.'),
(1220, '2014-03-02 18:02:43', '::1', 'Directory adding Success.', 'Jose Rizal  added a Directory.'),
(1221, '2014-03-02 18:03:00', '::1', 'Directory adding Success.', 'Jose Rizal  added a Directory.'),
(1222, '2014-03-02 18:03:11', '::1', 'Directory adding Success.', 'Jose Rizal  added a Directory.'),
(1223, '2014-03-02 18:03:38', '::1', 'Location adding Success.', 'Jose Rizal  added a Location.'),
(1224, '2014-03-02 18:03:38', '::1', 'Establishment Office adding Success.', 'Jose Rizal  added an Establishment Office.'),
(1225, '2014-03-02 18:03:38', '::1', 'Directory Editing Success.', 'Jose Rizal  edited a Directory.'),
(1226, '2014-03-02 18:04:19', '::1', 'Location adding Success.', 'Jose Rizal  added a Location.'),
(1227, '2014-03-02 18:04:19', '::1', 'Establishment Office adding Success.', 'Jose Rizal  added an Establishment Office.'),
(1228, '2014-03-02 18:04:19', '::1', 'Directory Editing Success.', 'Jose Rizal  edited a Directory.'),
(1229, '2014-03-02 18:05:33', '::1', 'Directory deletion Success.', 'Jose Rizal  deleted a directory.'),
(1230, '2014-03-02 18:05:35', '::1', 'Directory deletion Success.', 'Jose Rizal  deleted a directory.'),
(1231, '2014-03-02 18:05:37', '::1', 'Directory deletion Success.', 'Jose Rizal  deleted a directory.'),
(1232, '2014-03-02 18:05:48', '::1', 'Directory adding Success.', 'Jose Rizal  added a Directory.'),
(1233, '2014-03-02 18:05:54', '::1', 'Location adding Success.', 'Jose Rizal  added a Location.'),
(1234, '2014-03-02 18:05:54', '::1', 'Establishment Office adding Success.', 'Jose Rizal  added an Establishment Office.'),
(1235, '2014-03-02 18:05:54', '::1', 'Directory Editing Success.', 'Jose Rizal  edited a Directory.'),
(1236, '2014-03-02 18:06:07', '::1', 'Directory deletion Success.', 'Jose Rizal  deleted a directory.'),
(1237, '2014-03-02 18:06:08', '::1', 'Establishment deletion Success.', 'Jose Rizal  deleted an Establishment.'),
(1238, '2014-03-02 18:06:08', '::1', 'Location deletion Success.', 'Jose Rizal  deleted a Location.'),
(1239, '2014-03-02 18:13:23', '::1', 'Directory deletion Success.', 'Jose Rizal  deleted a directory.'),
(1240, '2014-03-02 19:13:28', '::1', 'Directory adding Success.', 'Jose Rizal  added a Directory.'),
(1241, '2014-03-02 19:43:17', '::1', 'Directory deletion Success.', 'Jose Rizal  deleted a directory.'),
(1242, '2014-03-02 19:44:57', '::1', 'Directory adding Success.', 'Jose Rizal  added a Directory.'),
(1243, '2014-03-02 19:45:42', '::1', 'Directory deletion Success.', 'Jose Rizal  deleted a directory.'),
(1244, '2014-03-02 19:47:27', '::1', 'Directory adding Success.', 'Jose Rizal  added a Directory.'),
(1245, '2014-03-02 19:50:51', '::1', 'Directory deletion Success.', 'Jose Rizal  deleted a directory.'),
(1246, '2014-03-02 19:51:15', '::1', 'Directory adding Success.', 'Jose Rizal  added a Directory.'),
(1247, '2014-03-02 19:53:03', '::1', 'Directory deletion Success.', 'Jose Rizal  deleted a directory.'),
(1248, '2014-03-02 19:54:05', '::1', 'Directory adding Success.', 'Jose Rizal  added a Directory.'),
(1249, '2014-03-02 19:54:35', '::1', 'Location adding Success.', 'Jose Rizal  added a Location.'),
(1250, '2014-03-02 19:54:35', '::1', 'Establishment Office adding Success.', 'Jose Rizal  added an Establishment Office.'),
(1251, '2014-03-02 19:54:35', '::1', 'Directory Editing Success.', 'Jose Rizal  edited a Directory.'),
(1252, '2014-03-02 20:08:04', '::1', 'Login Failed.', ' can''t login.'),
(1253, '2014-03-02 20:08:10', '::1', 'Login Failed.', ' can''t login.'),
(1254, '2014-03-02 21:23:53', '::1', 'Directory adding Success.', 'Jose Rizal  added a Directory.'),
(1255, '2014-03-02 21:24:14', '::1', 'Directory deletion Success.', 'Jose Rizal  deleted a directory.'),
(1256, '2014-03-02 21:24:17', '::1', 'Directory deletion Success.', 'Jose Rizal  deleted a directory.'),
(1257, '2014-03-02 21:24:25', '::1', 'Directory adding Success.', 'Jose Rizal  added a Directory.');

-- --------------------------------------------------------

--
-- Table structure for table `municipality_city`
--

CREATE TABLE IF NOT EXISTS `municipality_city` (
  `muniCityID` int(6) NOT NULL AUTO_INCREMENT,
  `name` varchar(45) NOT NULL,
  `provinceID` tinyint(1) DEFAULT NULL,
  PRIMARY KEY (`muniCityID`),
  KEY `mun_pro_idx` (`provinceID`)
) ENGINE=InnoDB  DEFAULT CHARSET=latin1 AUTO_INCREMENT=80 ;

--
-- Dumping data for table `municipality_city`
--

INSERT INTO `municipality_city` (`muniCityID`, `name`, `provinceID`) VALUES
(1, 'Bangued', 1),
(2, 'Boliney', 1),
(3, 'Bucay', 1),
(4, 'Bucloc', 1),
(5, 'Daguioman', 1),
(6, 'Danglas', 1),
(7, 'Dolores', 1),
(8, 'La Paz', 1),
(9, 'Lacub', 1),
(10, 'Lagangilang', 1),
(11, 'Lagayan', 1),
(12, 'Langiden', 1),
(13, 'Licuan-Baay(Licuan)', 1),
(14, 'Luba', 1),
(15, 'Malibcong', 1),
(16, 'Manabo', 1),
(17, 'Penarrubia', 1),
(18, 'Pidigan', 1),
(19, 'Pilar', 1),
(20, 'Sallapadan', 1),
(21, 'San Isidro', 1),
(22, 'San Juan', 1),
(23, 'San Quintin', 1),
(24, 'Tayum', 1),
(25, 'Tineg', 1),
(26, 'Tubo', 1),
(27, 'Villaviciosa', 1),
(28, 'Calanasan', 2),
(29, 'Conner', 2),
(30, 'Flora', 2),
(31, 'Kabugao', 2),
(32, 'Luna', 2),
(33, 'Pudtol', 2),
(34, 'Santa Marcela', 2),
(36, 'Atok', 3),
(37, 'Baguio', 3),
(38, 'Bakun', 3),
(39, 'Bokod', 3),
(40, 'Buguias', 3),
(41, 'Itogon', 3),
(42, 'Kabayan', 3),
(43, 'Kapangan', 3),
(44, 'Kibungan', 3),
(45, 'La Trinidad', 3),
(46, 'Mankayan', 3),
(47, 'Sablan', 3),
(48, 'Tuba', 3),
(49, 'Tublay', 3),
(51, 'Aguinaldo', 4),
(52, 'Alfonso Lista', 4),
(53, 'Asipulo', 4),
(54, 'Banaue', 4),
(55, 'Hingyon', 4),
(56, 'Hungduan', 4),
(57, 'Kiangan', 4),
(58, 'Lagawe', 4),
(59, 'Lamut', 4),
(60, 'Mayoyao', 4),
(61, 'Tinoc', 4),
(62, 'Balbalan', 5),
(63, 'Lubuagan', 5),
(64, 'Pasil', 5),
(65, 'Pinukpuk', 5),
(66, 'Rizal', 5),
(67, 'Tanudan', 5),
(68, 'Tinglayan', 5),
(69, 'Tabuk City', 5),
(70, 'Barlig', 6),
(71, 'Bauko', 6),
(72, 'Besao', 6),
(73, 'Bontoc', 6),
(74, 'Natonin', 6),
(75, 'Paracelis', 6),
(76, 'Sabangan', 6),
(77, 'Sadanga', 6),
(78, 'Sagada', 6),
(79, 'Tadian', 6);

-- --------------------------------------------------------

--
-- Table structure for table `notification`
--

CREATE TABLE IF NOT EXISTS `notification` (
  `notificationID` int(11) NOT NULL AUTO_INCREMENT,
  `message` varchar(200) NOT NULL,
  `accID` int(11) NOT NULL,
  PRIMARY KEY (`notificationID`),
  KEY `not_acc` (`accID`)
) ENGINE=InnoDB DEFAULT CHARSET=latin1 AUTO_INCREMENT=1 ;

-- --------------------------------------------------------

--
-- Table structure for table `province`
--

CREATE TABLE IF NOT EXISTS `province` (
  `provinceID` tinyint(1) NOT NULL AUTO_INCREMENT,
  `province` varchar(20) NOT NULL,
  PRIMARY KEY (`provinceID`)
) ENGINE=InnoDB  DEFAULT CHARSET=latin1 AUTO_INCREMENT=7 ;

--
-- Dumping data for table `province`
--

INSERT INTO `province` (`provinceID`, `province`) VALUES
(1, 'ABRA'),
(2, 'APAYAO'),
(3, 'BENGUET'),
(4, 'IFUGAO'),
(5, 'KALINGA'),
(6, 'MOUNTAIN PROVINCE');

--
-- Constraints for dumped tables
--

--
-- Constraints for table `incident_report`
--
ALTER TABLE `incident_report`
  ADD CONSTRAINT `report_muni` FOREIGN KEY (`municipality`) REFERENCES `municipality_city` (`muniCityID`) ON DELETE NO ACTION ON UPDATE NO ACTION,
  ADD CONSTRAINT `report_provi` FOREIGN KEY (`province`) REFERENCES `province` (`provinceID`) ON DELETE NO ACTION ON UPDATE NO ACTION,
  ADD CONSTRAINT `report_type` FOREIGN KEY (`typeID`) REFERENCES `accident_type` (`typeID`);

/*!40101 SET CHARACTER_SET_CLIENT=@OLD_CHARACTER_SET_CLIENT */;
/*!40101 SET CHARACTER_SET_RESULTS=@OLD_CHARACTER_SET_RESULTS */;
/*!40101 SET COLLATION_CONNECTION=@OLD_COLLATION_CONNECTION */;
